TF,target,importance,TF_Type,TF_Expression,Target_Type,Target_Expression
NR2F2,NR2F1,313.3862125058003,NeuroDev,-0.647889433663667,NeuroDisease,-0.2490252502863
NR2F2,NR2F2-AS1,302.7457832271855,NeuroDev,-0.647889433663667,None,-0.980967483231473
NR2F2,AC012409.2,244.9727448920918,NeuroDev,-0.647889433663667,None,-1.26229669186537
FOS,EGR1,221.6653988116169,NeuroDev,-0.68318990633384,GeneralTF,-0.429350052402976
FEZ1,TUBB2B,201.7682643840114,NeuroDev,0.0960920844509835,NeuroDisease,0.0124093413071586
JUND,STMN4,187.9163456085901,GeneralTF,-0.268160033811389,NeuroDev,0.0394875172033497
JUN,JUND,167.43314629895238,NeuroDev,-0.286281020169732,GeneralTF,-0.268160033811389
FEZ1,TUBA1A,160.11810397705003,NeuroDev,0.0960920844509835,NeuroDisease,0.223869600197674
JUND,JUN,155.4299051410978,GeneralTF,-0.268160033811389,NeuroDev,-0.286281020169732
JUND,TCEAL7,140.98764034514565,GeneralTF,-0.268160033811389,None,-0.240724260250069
PRDX5,UCHL1,139.4930726896923,GeneralTF,-0.0233259637836549,NeuroDev,0.226909206260319
BCL11A,LINC01122,138.82122797341302,NeuroDisease,0.154021580634573,None,0.287639132289678
JUN,STMN4,136.86317068624922,NeuroDev,-0.286281020169732,NeuroDev,0.0394875172033497
FEZ1,TUBB2A,132.58990348859962,NeuroDev,0.0960920844509835,NeuroDisease,0.106402844650608
JUN,DUSP16,131.2415794558734,NeuroDev,-0.286281020169732,None,-0.538961124347555
OTP,SIM1,125.82262515759264,NeuroDev,-1.27847095382798,NeuroDisease,Not Known
NR2F2,PTPRD,125.1829547580213,NeuroDev,-0.647889433663667,NeuroDev,-0.381420108400163
SIM1,OTP,123.14480736417804,NeuroDisease,Not Known,NeuroDev,-1.27847095382798
FEZ1,STMN1,121.63420068152324,NeuroDev,0.0960920844509835,NeuroDev,0.303686427539572
ARG2,EIF2B1,118.41403238057102,GeneralTF,0.055905968766755,NeuroDev,0.0707347475130795
FEZ1,STMN2,118.31335424006134,NeuroDev,0.0960920844509835,NeuroDev,0.434679890898481
UQCRB,RPL37A,114.31290950014711,GeneralTF,-0.247702525155502,None,-0.288929592247687
FEZ1,TUBB,113.96785708762638,NeuroDev,0.0960920844509835,NeuroDisease,0.153849277093267
JUN,DTNA,112.78889070200808,NeuroDev,-0.286281020169732,None,-0.38885212345684
UQCRB,RPS29,111.91494911369652,GeneralTF,-0.247702525155502,None,-0.287864450847601
ETFB,PCSK1N,111.74860431581403,NeuroDisease,-0.329411366146832,None,0.117927117444937
UQCRB,RPS26,110.8693441262669,GeneralTF,-0.247702525155502,NeuroDisease,0.209007103183247
ETFB,TUBA1A,110.38970659723208,NeuroDisease,-0.329411366146832,NeuroDisease,0.223869600197674
NR2F2,USP9Y,108.4832499087536,NeuroDev,-0.647889433663667,None,0.822739130178422
UQCRB,ATP5F1E,108.15241946789205,GeneralTF,-0.247702525155502,None,-0.0907285015198605
UQCRB,RPS27,107.87799563793024,GeneralTF,-0.247702525155502,None,0.0450126264755962
FOS,JUNB,107.17183484446976,NeuroDev,-0.68318990633384,GeneralTF,-0.532966332466368
ARG2,TRAK1,105.89069459744556,GeneralTF,0.055905968766755,NeuroDisease,-0.0367637423645134
FEZ1,MLLT11,105.6708528010038,NeuroDev,0.0960920844509835,None,0.434167276980189
PRDX5,TUBA1A,101.83146273755476,GeneralTF,-0.0233259637836549,NeuroDisease,0.223869600197674
JUN,SH2D3C,101.10044703031988,NeuroDev,-0.286281020169732,None,-0.295863425840108
ARG2,AL049779.4,100.40065491324764,GeneralTF,0.055905968766755,None,-0.203200985233325
PRDX5,PCSK1N,99.97083736825498,GeneralTF,-0.0233259637836549,None,0.117927117444937
BCL11A,BCL11B,99.89215352612412,NeuroDisease,0.154021580634573,NeuroDisease,0.56061629512928
PRDX5,C4orf48,99.15388055974869,GeneralTF,-0.0233259637836549,None,0.159278302477901
PRDX5,UQCR11,98.99885814128072,GeneralTF,-0.0233259637836549,None,-0.0312756581961012
FEZ1,YWHAH,98.73100313431668,NeuroDev,0.0960920844509835,NeuroDev,0.105829136248841
FOS,IER2,98.36863488295904,NeuroDev,-0.68318990633384,NeuroDev,-0.455781702629984
FEZ1,CAMK2N1,98.10801023565826,NeuroDev,0.0960920844509835,None,-0.0182172325045653
ARG2,ACACA,97.34101052397158,GeneralTF,0.055905968766755,None,0.199633260386525
JUN,RHOB,96.67492562055806,NeuroDev,-0.286281020169732,None,0.138756351226377
NR2F2,TTTY14,96.59360737261702,NeuroDev,-0.647889433663667,None,-1.54202531991203
JUN,KLF6,94.79950251094604,NeuroDev,-0.286281020169732,GeneralTF,0.0516929155056826
ETFB,LY6H,93.70343845223576,NeuroDisease,-0.329411366146832,NeuroDev,-0.717193377243007
UQCRB,ATP5MD,91.91609664687522,GeneralTF,-0.247702525155502,None,-0.0390334019932166
HLCS,AP001527.2,91.75553033898817,HSA21TF,0.808380595797371,None,Not Known
ETFB,RTN1,91.54467125924911,NeuroDisease,-0.329411366146832,NeuroDev,0.592684927837128
PRDX5,FTH1,91.02050962739494,GeneralTF,-0.0233259637836549,None,0.0222956085525318
NR2F2,NR2F1-AS1,91.0158403079826,NeuroDev,-0.647889433663667,None,-0.137878284137548
FOS,JUN,90.37178658028324,NeuroDev,-0.68318990633384,NeuroDev,-0.286281020169732
FOS,HES1,89.64560198622674,NeuroDev,-0.68318990633384,NeuroDev,-1.15141974049029
FEZ1,PCSK1N,89.26833330564426,NeuroDev,0.0960920844509835,None,0.117927117444937
UQCRB,RPL15,88.2940628431194,GeneralTF,-0.247702525155502,None,-0.163155516340628
JUND,BSCL2,87.88815007508641,GeneralTF,-0.268160033811389,NeuroDisease,-0.103353124458973
UQCRB,ATP5ME,87.88161977267957,GeneralTF,-0.247702525155502,None,-0.0782657673265083
FEZ1,TCEAL2,87.48248226748873,NeuroDev,0.0960920844509835,GeneralTF,0.457201020475838
JUND,CALM1,87.46887540577525,GeneralTF,-0.268160033811389,NeuroDev,-0.113666685242234
UQCRB,RPL37,87.26041696951049,GeneralTF,-0.247702525155502,None,-0.244399156209092
FEZ1,PAFAH1B3,87.16526431006739,NeuroDev,0.0960920844509835,NeuroDev,-0.0258014347358282
PRDX5,TMSB10,87.13540328980567,GeneralTF,-0.0233259637836549,None,0.122051170476654
FEZ1,TUBB3,85.44184253725352,NeuroDev,0.0960920844509835,NeuroDisease,0.0905833662734368
FEZ1,VAMP2,85.19214490249247,NeuroDev,0.0960920844509835,NeuroDisease,0.19135027878257
FEZ1,JPT1,84.63537067644546,NeuroDev,0.0960920844509835,None,-0.108916908575369
UQCRB,COX7B,83.28195323952285,GeneralTF,-0.247702525155502,NeuroDev,-0.0228020543829347
PRDX5,DYNLT1,83.237170283068,GeneralTF,-0.0233259637836549,NeuroDev,-0.125562471486208
FEZ1,BEX4,82.47005540401037,NeuroDev,0.0960920844509835,None,-0.163776222124847
UQCRB,RPS28,81.95234855884446,GeneralTF,-0.247702525155502,None,-0.20991094349519
FEZ1,CNIH2,81.93240301049401,NeuroDev,0.0960920844509835,None,0.147576024008365
FOS,CCN1,80.93250904203227,NeuroDev,-0.68318990633384,None,-0.370787033237135
JUN,RAPGEF6,80.91280567073798,NeuroDev,-0.286281020169732,None,0.0504228028589538
JUN,DUSP1,80.77737105851881,NeuroDev,-0.286281020169732,None,-0.227214128261869
PRDX5,GUK1,80.43839954799304,GeneralTF,-0.0233259637836549,None,-0.085075669288043
PRDX5,MYL6,80.42708336043883,GeneralTF,-0.0233259637836549,None,0.0638633627826933
FEZ1,BEX2,80.11105635836172,NeuroDev,0.0960920844509835,None,-0.0405635731014052
NR2F2,FIGN,79.82828485685852,NeuroDev,-0.647889433663667,None,-0.171214550400167
ETFB,APLP1,79.34732498168185,NeuroDisease,-0.329411366146832,NeuroDev,0.177614710026297
FEZ1,CRMP1,78.94720196212803,NeuroDev,0.0960920844509835,NeuroDev,0.18188325187503
PRDX5,ATP6V0C,78.93532879389294,GeneralTF,-0.0233259637836549,None,0.0722208592573517
PRDX5,CYCS,78.0104089592569,GeneralTF,-0.0233259637836549,GeneralTF,-0.111269204661935
UQCRB,RPL27A,77.97491125192518,GeneralTF,-0.247702525155502,None,-0.375725085874599
JUND,MYL6,77.20735178576994,GeneralTF,-0.268160033811389,None,0.0638633627826933
ETFB,ENHO,76.98209274687686,NeuroDisease,-0.329411366146832,None,-0.361783848708736
PRDX5,BEX1,76.25690754975396,GeneralTF,-0.0233259637836549,NeuroDev,0.0274218192530869
FEZ1,BASP1,75.76647505510527,NeuroDev,0.0960920844509835,NeuroDev,0.131307822794642
JUN,TSPAN7,75.48339555099693,NeuroDev,-0.286281020169732,NeuroDisease,-0.00812281960062
PRDX5,GAP43,75.09421734304803,GeneralTF,-0.0233259637836549,NeuroDev,0.253927505257908
UQCRB,RPL34,74.87854708151069,GeneralTF,-0.247702525155502,None,-0.283988861059471
PRDX5,ATP6V0B,74.6791204655017,GeneralTF,-0.0233259637836549,None,-0.0480346961997
JUN,EIF2AK3,74.14538196142168,NeuroDev,-0.286281020169732,NeuroDisease,-0.167444454940919
JUND,SARAF,73.99870035277841,GeneralTF,-0.268160033811389,None,-0.0759106009639517
UQCRB,NDUFA4,73.99425713245816,GeneralTF,-0.247702525155502,None,-0.103923854028057
SOD1,MT-ND3,73.92988760764923,HSA21TF,0.416754789446342,None,-0.307297396870316
UQCRB,RPL39,73.16651065607984,GeneralTF,-0.247702525155502,None,-0.237507688054946
UQCRB,NDUFA1,72.86865505475353,GeneralTF,-0.247702525155502,NeuroDisease,-0.0357229632387748
KLF6,JUN,72.79018474356819,GeneralTF,0.0516929155056826,NeuroDev,-0.286281020169732
PRDX5,COX5B,72.36897046076422,GeneralTF,-0.0233259637836549,None,-0.051868579208843
UQCRB,TOMM7,72.26962120721412,GeneralTF,-0.247702525155502,None,-0.133475823689731
UQCRB,RPL41,72.19761248609184,GeneralTF,-0.247702525155502,None,-0.253935485179601
PRDX5,DRAP1,72.03885635970846,GeneralTF,-0.0233259637836549,None,-0.159172304438227
UQCRB,PET100,71.54537403748921,GeneralTF,-0.247702525155502,NeuroDisease,-0.0476832342086016
FEZ1,ENHO,71.27789708990358,NeuroDev,0.0960920844509835,None,-0.361783848708736
SOD1,GSTP1,71.20291821134319,HSA21TF,0.416754789446342,NeuroDev,-0.0089381204833565
FEZ1,SELENOW,70.82651877757775,NeuroDev,0.0960920844509835,None,0.132051586959055
PRDX5,CHMP2A,70.77872050800879,GeneralTF,-0.0233259637836549,None,-0.204764394465623
UQCRB,NDUFA3,70.76908307123591,GeneralTF,-0.247702525155502,None,-0.0010356801201473
JUND,DUSP1,70.4067636284611,GeneralTF,-0.268160033811389,None,-0.227214128261869
UQCRB,COX6C,70.2555836195885,GeneralTF,-0.247702525155502,None,0.0740334209637585
UQCRB,NDUFB1,69.47310247098048,GeneralTF,-0.247702525155502,None,0.0743116610870305
ETFB,UCHL1,69.3760245295271,NeuroDisease,-0.329411366146832,NeuroDev,0.226909206260319
PRDX5,ATP5MD,69.37233698809354,GeneralTF,-0.0233259637836549,None,-0.0390334019932166
UQCRB,RPS4X,69.32801994268256,GeneralTF,-0.247702525155502,GeneralTF,-0.162079155725529
FEZ1,TTC9B,68.81708605116705,NeuroDev,0.0960920844509835,None,0.286627747438939
PRDX5,ATP5MC1,68.74069049671432,GeneralTF,-0.0233259637836549,None,-0.117674289667726
ETFB,BEX2,68.65937934845532,NeuroDisease,-0.329411366146832,None,-0.0405635731014052
UQCRB,RPL36A,68.30086186672098,GeneralTF,-0.247702525155502,None,-0.333809390814532
FEZ1,RTN1,68.27411593568186,NeuroDev,0.0960920844509835,NeuroDev,0.592684927837128
FEZ1,CDKN2D,67.81483746623803,NeuroDev,0.0960920844509835,None,0.0528101749206172
FEZ1,RAB3A,67.68145378985655,NeuroDev,0.0960920844509835,NeuroDev,0.0433776674542423
PRDX5,ETFB,67.52088829805069,GeneralTF,-0.0233259637836549,NeuroDisease,-0.329411366146832
UQCRB,RPS21,67.47398251830776,GeneralTF,-0.247702525155502,None,-0.208378744582656
BCL11A,SOX4,67.4212442463842,NeuroDisease,0.154021580634573,NeuroDisease,0.213148993687883
ETFB,PAFAH1B3,67.2877874879954,NeuroDisease,-0.329411366146832,NeuroDev,-0.0258014347358282
BCL11A,CADPS,67.27107986102622,NeuroDisease,0.154021580634573,None,0.165221008577113
FEZ1,UCHL1,67.12297561130369,NeuroDev,0.0960920844509835,NeuroDev,0.226909206260319
ETFB,TTC9B,67.07853675642868,NeuroDisease,-0.329411366146832,None,0.286627747438939
JUND,TSPAN7,67.0618155030638,GeneralTF,-0.268160033811389,NeuroDisease,-0.00812281960062
UQCRB,ZFAS1,66.89115224190117,GeneralTF,-0.247702525155502,None,-0.102424040931713
FEZ1,MGST3,66.82097872940336,NeuroDev,0.0960920844509835,None,0.157958433835191
FEZ1,NSG1,66.68595335983906,NeuroDev,0.0960920844509835,None,0.251186091283571
NR2F2,KLHL35,66.61205431642986,NeuroDev,-0.647889433663667,None,-0.420434163113977
UQCRB,SRP14,66.42121601658846,GeneralTF,-0.247702525155502,None,-0.0087423398345752
FEZ1,MEAF6,66.3431095583592,NeuroDev,0.0960920844509835,None,-0.0340984659528649
FEZ1,ETFB,66.12771691862355,NeuroDev,0.0960920844509835,NeuroDisease,-0.329411366146832
ETFB,GAP43,66.10932540645321,NeuroDisease,-0.329411366146832,NeuroDev,0.253927505257908
UQCRB,MT-ND3,66.08944581201304,GeneralTF,-0.247702525155502,None,-0.307297396870316
UQCRB,NDUFB4,65.59086772941839,GeneralTF,-0.247702525155502,None,-0.162171258002251
UQCRB,RPL6,65.31912208379903,GeneralTF,-0.247702525155502,GeneralTF,-0.264458251563538
PRDX5,COX6C,65.28288993380052,GeneralTF,-0.0233259637836549,None,0.0740334209637585
ETFB,TLCD3B,64.78355254236261,NeuroDisease,-0.329411366146832,None,-0.0263673708800089
UQCRB,COX7C,64.70773532802865,GeneralTF,-0.247702525155502,None,-0.163953987087715
UQCRB,RPL38,64.61041376787924,GeneralTF,-0.247702525155502,None,-0.216471421811733
NR2F2,CCNT2-AS1,64.35861480588166,NeuroDev,-0.647889433663667,None,0.0806973161372287
BCL11A,MYT1L,64.34593370270984,NeuroDisease,0.154021580634573,NeuroDisease,0.286596523124417
UQCRB,RPL31,64.30584926416148,GeneralTF,-0.247702525155502,None,-0.268249283877257
BCL11A,PHACTR1,64.24743535091022,NeuroDisease,0.154021580634573,NeuroDev,0.424387229455051
JUND,YWHAH,63.6423760541573,GeneralTF,-0.268160033811389,NeuroDev,0.105829136248841
BCL11A,RUNX1T1,63.54029166332023,NeuroDisease,0.154021580634573,None,0.541654437069808
PRDX5,NDUFA13,63.41459477684406,GeneralTF,-0.0233259637836549,None,-0.0786964522259953
ADARB1,EYA1,63.14639948295745,HSA21TF,0.686518406640663,NeuroDev,Not Known
FEZ1,ZNF428,63.077378943322,NeuroDev,0.0960920844509835,None,0.194242758886163
FEZ1,PFDN2,62.9345947622118,NeuroDev,0.0960920844509835,None,0.211828672124686
PRDX5,NDUFA1,62.81224637590898,GeneralTF,-0.0233259637836549,NeuroDisease,-0.0357229632387748
SOD1,SPINT2,62.67112777431081,HSA21TF,0.416754789446342,NeuroDev,-0.172464442109114
JUN,GPR137C,62.2986595958347,NeuroDev,-0.286281020169732,None,0.145737536170713
BCL11A,SOX11,62.23055380546783,NeuroDisease,0.154021580634573,NeuroDisease,0.236587078663327
ETFB,GNG3,61.938091118824566,NeuroDisease,-0.329411366146832,None,0.245056860742582
UQCRB,UQCRQ,61.86133434344313,GeneralTF,-0.247702525155502,NeuroDev,0.0530657594276057
FEZ1,TMEM160,61.844010926600674,NeuroDev,0.0960920844509835,None,-0.076176066529672
NR2F2,UNCX,61.7975823048715,NeuroDev,-0.647889433663667,NeuroDev,-1.34503293279945
FEZ1,STMN4,61.62355480148768,NeuroDev,0.0960920844509835,NeuroDev,0.0394875172033497
UQCRB,ROMO1,61.31775564448705,GeneralTF,-0.247702525155502,None,0.0624043833853199
FEZ1,MARCKSL1,61.17722320992949,NeuroDev,0.0960920844509835,NeuroDev,0.115436647205366
PRDX5,SELENOW,61.08214853146095,GeneralTF,-0.0233259637836549,None,0.132051586959055
ETFB,TMSB10,61.05567538868296,NeuroDisease,-0.329411366146832,None,0.122051170476654
BCL11A,CCSER1,60.97675336867584,NeuroDisease,0.154021580634573,None,0.267605517047014
FEZ1,TMSB10,60.97231656693889,NeuroDev,0.0960920844509835,None,0.122051170476654
PRDX5,RNASEK,60.89309447521582,GeneralTF,-0.0233259637836549,None,-0.190532237186398
SOD1,MT-ND2,60.80730598404587,HSA21TF,0.416754789446342,None,-0.478448400940699
UQCRB,COMMD6,60.63794417091529,GeneralTF,-0.247702525155502,None,-0.181391175292027
ETFB,STMN1,60.39249047930829,NeuroDisease,-0.329411366146832,NeuroDev,0.303686427539572
ETFB,BASP1,60.35955064814181,NeuroDisease,-0.329411366146832,NeuroDev,0.131307822794642
FEZ1,CD24,60.33906016934568,NeuroDev,0.0960920844509835,None,0.895442539200657
FEZ1,APLP1,60.27973339454008,NeuroDev,0.0960920844509835,NeuroDev,0.177614710026297
FOSB,FOS,60.21033895158611,GeneralTF,-1.13142628877433,NeuroDev,-0.68318990633384
FOS,FOSB,60.17738012998574,NeuroDev,-0.68318990633384,GeneralTF,-1.13142628877433
NR2F2,AC087477.2,60.04220485413297,NeuroDev,-0.647889433663667,None,-1.75524696483325
FEZ1,LDOC1,59.88080096953431,NeuroDev,0.0960920844509835,None,0.127944042465565
BCL11A,EPHA5,59.78724218480657,NeuroDisease,0.154021580634573,NeuroDev,-0.403622229214772
JUND,DUSP8,59.396622348187854,GeneralTF,-0.268160033811389,None,-0.0102678457182213
FEZ1,VDAC3,59.310839346752815,NeuroDev,0.0960920844509835,None,0.158793890264923
FOS,EGR2,59.200410975874064,NeuroDev,-0.68318990633384,NeuroDev,-0.968779890747286
PRDX5,SRP14,59.17278793447827,GeneralTF,-0.0233259637836549,None,-0.0087423398345752
PRDX5,RABAC1,59.06951039718486,GeneralTF,-0.0233259637836549,None,-0.0791276880920706
PRDX5,ATP5IF1,58.91284776393408,GeneralTF,-0.0233259637836549,None,-0.114382051342569
NR2F2,NLGN4Y,58.86039440432816,NeuroDev,-0.647889433663667,NeuroDev,0.841846734079031
SOD1,ECH1,57.995995167156096,HSA21TF,0.416754789446342,None,-0.0780577578762258
FEZ1,YWHAB,57.63266286671556,NeuroDev,0.0960920844509835,None,0.083632583575313
JUN,RAB30,57.60871726049399,NeuroDev,-0.286281020169732,None,0.0815781289318744
JUND,ARMCX3,57.52645874355372,GeneralTF,-0.268160033811389,None,0.0805400074836568
UQCRB,RPS27A,57.44104248632587,GeneralTF,-0.247702525155502,None,-0.174804185151194
PRDX5,C1orf122,57.33280887396352,GeneralTF,-0.0233259637836549,None,-0.101455109610591
FEZ1,GNG3,57.21122644367996,NeuroDev,0.0960920844509835,None,0.245056860742582
FEZ1,CALM1,57.18480834385947,NeuroDev,0.0960920844509835,NeuroDev,-0.113666685242234
PRDX5,AK1,57.08497883850561,GeneralTF,-0.0233259637836549,NeuroDisease,0.0545384918975609
PRDX5,MARCKSL1,56.988506162740975,GeneralTF,-0.0233259637836549,NeuroDev,0.115436647205366
UQCRB,RPS10,56.97918206676673,GeneralTF,-0.247702525155502,GeneralTF,-0.100973180198267
UQCRB,NDUFS5,56.89645547017457,GeneralTF,-0.247702525155502,None,-0.282924018270913
ETFB,BEX1,56.82823898584423,NeuroDisease,-0.329411366146832,NeuroDev,0.0274218192530869
UQCRB,RPS20,56.643961767575576,GeneralTF,-0.247702525155502,None,-0.188644962799654
UQCRB,EIF1,56.43593570459383,GeneralTF,-0.247702525155502,None,-0.094463563092953
PRDX5,NDUFB1,56.42361470689072,GeneralTF,-0.0233259637836549,None,0.0743116610870305
UQCRB,GABARAP,56.37763911486096,GeneralTF,-0.247702525155502,None,-0.059610243038324
ETFB,TTTY14,56.1331914891468,NeuroDisease,-0.329411366146832,None,-1.54202531991203
FEZ1,NDN,56.116718783010526,NeuroDev,0.0960920844509835,NeuroDev,-0.210708010736346
UQCRB,COPS9,56.04081502727709,GeneralTF,-0.247702525155502,None,-0.0711120635668964
UQCRB,RPL28,55.739720449787775,GeneralTF,-0.247702525155502,None,-0.102693064033439
SOD1,C1orf122,55.507546664404,HSA21TF,0.416754789446342,None,-0.101455109610591
FEZ1,AP1S1,55.44255573301939,NeuroDev,0.0960920844509835,NeuroDisease,-0.0505972412227417
UQCRB,RPL23A,55.33480878293757,GeneralTF,-0.247702525155502,None,-0.0346375257087103
UQCRB,UQCR11,55.32424724616292,GeneralTF,-0.247702525155502,None,-0.0312756581961012
PRDX5,NDUFA4,55.26649085855558,GeneralTF,-0.0233259637836549,None,-0.103923854028057
NR2F2,EPHA5,55.12009308963047,NeuroDev,-0.647889433663667,NeuroDev,-0.403622229214772
JUND,SYT11,54.85957181775492,GeneralTF,-0.268160033811389,None,0.27921670820717
UQCRB,RPL17,54.64326063068663,GeneralTF,-0.247702525155502,None,-0.416774933893697
PRDX5,COX7B,54.601708908516166,GeneralTF,-0.0233259637836549,NeuroDev,-0.0228020543829347
PRDX5,TUBB2A,54.574600615240094,GeneralTF,-0.0233259637836549,NeuroDisease,0.106402844650608
SOD1,MAGEH1,54.56851529191449,HSA21TF,0.416754789446342,None,0.616785474062473
FEZ1,GSTA4,54.54845126334417,NeuroDev,0.0960920844509835,None,0.105794758759829
PRDX5,GNG3,54.5477937730512,GeneralTF,-0.0233259637836549,None,0.245056860742582
SOD1,ITM2B,54.46552869419695,HSA21TF,0.416754789446342,NeuroDev,-0.0821838373715798
PRDX5,COX6B1,54.4441579238619,GeneralTF,-0.0233259637836549,NeuroDisease,0.0482400704758048
JUND,EIF1,54.389953209848045,GeneralTF,-0.268160033811389,None,-0.094463563092953
PRDX5,NDUFA3,54.30960486497037,GeneralTF,-0.0233259637836549,None,-0.0010356801201473
PRDX5,COX7A2,54.26760873536948,GeneralTF,-0.0233259637836549,None,0.028984144364881
TCEAL2,SCG5,54.24610125346565,GeneralTF,0.457201020475838,None,0.0920538475769055
PRDX5,MPC1,54.184623642089534,GeneralTF,-0.0233259637836549,None,0.0273803367926937
SOD1,POLR2L,54.013878612430936,HSA21TF,0.416754789446342,None,0.150435657036032
PRDX5,TUBB2B,53.95206792199578,GeneralTF,-0.0233259637836549,NeuroDisease,0.0124093413071586
ETFB,TUBB2A,53.94689175582192,NeuroDisease,-0.329411366146832,NeuroDisease,0.106402844650608
SOD1,CSTB,53.940278958242246,HSA21TF,0.416754789446342,HSA21gene,0.409228131112975
UQCRB,ELOB,53.904063823607686,GeneralTF,-0.247702525155502,None,0.0334007118763194
PRDX5,GABARAPL2,53.84491256954332,GeneralTF,-0.0233259637836549,None,-0.0349733014316785
PRDX5,CALM1,53.67656301127923,GeneralTF,-0.0233259637836549,NeuroDev,-0.113666685242234
UQCRB,RPL11,53.5347355124886,GeneralTF,-0.247702525155502,None,-0.267879636065191
UQCRB,GPX4,53.48098144567162,GeneralTF,-0.247702525155502,None,-0.158851970524392
FEZ1,CLTB,53.33449990652245,NeuroDev,0.0960920844509835,None,0.0129991271093935
NR2F2,ACMSD,53.32936103366858,NeuroDev,-0.647889433663667,None,0.0046359029676298
SOD1,APOE,52.95296754759791,HSA21TF,0.416754789446342,NeuroDev,-0.245074570268124
ETFB,MLLT11,52.81782273233221,NeuroDisease,-0.329411366146832,None,0.434167276980189
UQCRB,TMA7,52.80243227100639,GeneralTF,-0.247702525155502,None,-0.0988851381929136
UQCRB,RPL18A,52.77046558452247,GeneralTF,-0.247702525155502,None,-0.345856047052484
UQCRB,ATP5MG,52.74148843616844,GeneralTF,-0.247702525155502,None,-0.0504974754610802
UQCRB,RPL24,52.72233749363838,GeneralTF,-0.247702525155502,None,-0.247121465720468
SOD1,MT-CO1,52.69826933869629,HSA21TF,0.416754789446342,NeuroDev,0.215524492891654
NR2F2,NRP2,52.67579642598309,NeuroDev,-0.647889433663667,NeuroDev,-0.482467026084744
UQCRB,TPT1,52.49700512800057,GeneralTF,-0.247702525155502,None,-0.145371459944874
CYCS,ATP5MC1,52.42416070993113,GeneralTF,-0.111269204661935,None,-0.117674289667726
NR2F2,TBR1,52.36004429052841,NeuroDev,-0.647889433663667,NeuroDisease,-1.85224361082226
PRDX5,ATP6V1F,52.27601081181508,GeneralTF,-0.0233259637836549,None,-0.0294676648312935
FEZ1,INA,51.99263855345701,NeuroDev,0.0960920844509835,NeuroDev,0.423809541676499
JUND,UBC,51.816389342499214,GeneralTF,-0.268160033811389,None,0.0422559769451366
FEZ1,CCDC28B,51.8049716070956,NeuroDev,0.0960920844509835,None,0.172024848525098
SOD1,SUMO3,51.75151114552998,HSA21TF,0.416754789446342,HSA21gene,0.345752489264753
PRDX5,UQCRQ,51.70635228387477,GeneralTF,-0.0233259637836549,NeuroDev,0.0530657594276057
FEZ1,C4orf48,51.59374145053999,NeuroDev,0.0960920844509835,None,0.159278302477901
UQCRB,HINT1,51.39857659018288,GeneralTF,-0.247702525155502,None,-0.0595495531056369
FEZ1,TERF2IP,51.391333983752965,NeuroDev,0.0960920844509835,None,0.0890888864573194
SOD1,ATRAID,51.33142288984924,HSA21TF,0.416754789446342,None,-0.447423430197902
UQCRB,PPDPF,51.23901487062932,GeneralTF,-0.247702525155502,None,-0.0001655548187504
BCL11A,CARMIL1,51.22051064628603,NeuroDisease,0.154021580634573,None,-0.333305066582868
FEZ1,BEX3,51.182588529184265,NeuroDev,0.0960920844509835,None,0.180283930241239
NR2F2,CAMK2N1,51.11425797503805,NeuroDev,-0.647889433663667,None,-0.0182172325045653
SOD1,MT-CO3,51.00886969804628,HSA21TF,0.416754789446342,None,0.116990522354309
UQCRB,JUND,50.778099558430526,GeneralTF,-0.247702525155502,GeneralTF,-0.268160033811389
UQCRB,FTH1,50.701401058937904,GeneralTF,-0.247702525155502,None,0.0222956085525318
PRDX5,LY6H,50.62858801719925,GeneralTF,-0.0233259637836549,NeuroDev,-0.717193377243007
ETFB,RAB3A,50.62304259811342,NeuroDisease,-0.329411366146832,NeuroDev,0.0433776674542423
PRDX5,CLTB,50.60107669294965,GeneralTF,-0.0233259637836549,None,0.0129991271093935
JUND,EIF1B,50.598906564302936,GeneralTF,-0.268160033811389,None,-0.20506920288512
BCL11A,HECW1,50.58070567830764,NeuroDisease,0.154021580634573,None,0.11361016273566
ETFB,TUBB3,50.36558944443512,NeuroDisease,-0.329411366146832,NeuroDisease,0.0905833662734368
SOD1,PSAP,50.30310791329231,HSA21TF,0.416754789446342,NeuroDisease,0.137289394251233
FEZ1,NUDT3,50.27494637700545,NeuroDev,0.0960920844509835,None,0.235921077521615
JUND,CAMK2N2,50.0138207498264,GeneralTF,-0.268160033811389,None,0.0617713608989877
PRDX5,CALM2,50.01020375436904,GeneralTF,-0.0233259637836549,NeuroDev,-0.0468879761118161
SOD1,MRPS6,49.98720475687486,HSA21TF,0.416754789446342,HSA21gene,0.520785678198831
SOD1,CD81,49.96832168286928,HSA21TF,0.416754789446342,None,-0.200125911271688
UQCRB,RPLP1,49.961612368118764,GeneralTF,-0.247702525155502,None,-0.238429976874698
FEZ1,CALM3,49.940853938758245,NeuroDev,0.0960920844509835,NeuroDev,0.0972624237969842
SOD1,CD63,49.90408560539755,HSA21TF,0.416754789446342,None,-0.233298505292372
UQCRB,OST4,49.76436552169787,GeneralTF,-0.247702525155502,None,-0.142987826513214
PRDX5,TM7SF2,49.7221634353235,GeneralTF,-0.0233259637836549,None,-0.0683241910677218
UQCRB,UBL5,49.61696837275946,GeneralTF,-0.247702525155502,None,-0.0561097663815861
UQCRB,COX7A2,49.58507503581592,GeneralTF,-0.247702525155502,None,0.028984144364881
UQCRB,SEC61G,49.58128469085475,GeneralTF,-0.247702525155502,None,-0.0009193477131284
FEZ1,THRA,49.556650327970864,NeuroDev,0.0960920844509835,NeuroDisease,0.458773308524898
FEZ1,SEC11C,49.4127765721205,NeuroDev,0.0960920844509835,None,0.0026942143181859
ETFB,OCIAD2,49.39679233847433,NeuroDisease,-0.329411366146832,None,-0.206779359188155
UQCRB,RPL26,49.33093568312509,GeneralTF,-0.247702525155502,None,-0.276501301414014
UQCRB,RPL9,49.21529742269005,GeneralTF,-0.247702525155502,None,-0.360618026159674
SOD1,GTF2H5,49.11392007053577,HSA21TF,0.416754789446342,NeuroDisease,-0.136860954617708
ETFB,NSG1,49.003468673136304,NeuroDisease,-0.329411366146832,None,0.251186091283571
JUND,CHCHD2,48.92860516837906,GeneralTF,-0.268160033811389,None,-9.27080511357996
UQCRB,RPL13,48.78429540563648,GeneralTF,-0.247702525155502,None,-0.346378748658902
UQCRB,UBA52,48.7661839318464,GeneralTF,-0.247702525155502,None,-0.221224045113044
UQCRB,ATOX1,48.744064535553726,GeneralTF,-0.247702525155502,None,0.0242378670827131
NR2F2,BLCAP,48.738732453027055,NeuroDev,-0.647889433663667,None,0.0552646722755183
PRDX5,ERG28,48.69526035490228,GeneralTF,-0.0233259637836549,None,0.082830687034064
SOD1,CTSD,48.53893067798127,HSA21TF,0.416754789446342,NeuroDisease,-0.101415526186107
ETFB,SCG5,48.517184117021344,NeuroDisease,-0.329411366146832,None,0.0920538475769055
JUND,CASP3,48.51142700278671,GeneralTF,-0.268160033811389,NeuroDev,-0.18938849255586
FEZ1,UBC,48.46763870751105,NeuroDev,0.0960920844509835,None,0.0422559769451366
UQCRB,RPS8,48.46345388316568,GeneralTF,-0.247702525155502,None,-0.262869465667888
PRDX5,ATOX1,48.45776256464804,GeneralTF,-0.0233259637836549,None,0.0242378670827131
UQCRB,COX5B,48.44283755600309,GeneralTF,-0.247702525155502,None,-0.051868579208843
SOD1,TMEM147,48.4055775295532,HSA21TF,0.416754789446342,None,-0.103610817343853
FEZ1,EBP,48.39681298853412,NeuroDev,0.0960920844509835,NeuroDisease,0.244342688747092
ETFB,INA,48.35203368537975,NeuroDisease,-0.329411366146832,NeuroDev,0.423809541676499
NR2F2,PCDH9,48.33695807943874,NeuroDev,-0.647889433663667,None,-0.584046168918229
NR2F2,NDST3,48.31076372364831,NeuroDev,-0.647889433663667,None,-0.970943977743601
SOD1,DNPH1,48.299065246901655,HSA21TF,0.416754789446342,None,-0.218489619139268
UQCRB,RPS25,48.28148020774472,GeneralTF,-0.247702525155502,None,-0.198870374698536
FEZ1,POLR3GL,48.23173610371163,NeuroDev,0.0960920844509835,None,-0.183020327778565
PRDX5,SLC22A17,48.209081691233706,GeneralTF,-0.0233259637836549,None,0.152073491231048
PRDX5,ATP5F1D,48.20657900570224,GeneralTF,-0.0233259637836549,None,-0.105490171513208
FEZ1,CPE,48.106692125024914,NeuroDev,0.0960920844509835,NeuroDisease,-0.0411283544703622
JUND,MAP1LC3A,48.08106593694252,GeneralTF,-0.268160033811389,None,-0.0689152827444533
UQCRB,UQCR10,48.038419431620994,GeneralTF,-0.247702525155502,None,-0.181045844966506
PRDX5,GABARAP,48.02779738224908,GeneralTF,-0.0233259637836549,None,-0.059610243038324
JUND,SHC2,47.864786283813125,GeneralTF,-0.268160033811389,None,0.346094122403185
SOD1,ATP5IF1,47.7974613057211,HSA21TF,0.416754789446342,None,-0.114382051342569
SOD1,VPS33B-DT,47.72266413820216,HSA21TF,0.416754789446342,None,Not Known
SOD1,CDO1,47.70712423975992,HSA21TF,0.416754789446342,None,0.152139626916396
THRA,VAMP2,47.648345625887885,NeuroDisease,0.458773308524898,NeuroDisease,0.19135027878257
UQCRB,EEF1A1,47.56155338807802,GeneralTF,-0.247702525155502,None,-0.133634888486281
UQCRB,NDUFC1,47.54845614030904,GeneralTF,-0.247702525155502,None,-0.15174503967169
SOD1,TSTD1,47.39477585986315,HSA21TF,0.416754789446342,None,0.849516359055021
FEZ1,CDK5,47.30874840675508,NeuroDev,0.0960920844509835,NeuroDev,0.152059581712372
PRDX5,ATP6V1G1,47.25080810223237,GeneralTF,-0.0233259637836549,None,-0.168515346287832
FEZ1,CFL1,47.24277795552509,NeuroDev,0.0960920844509835,None,0.145801013047
UQCRB,RPS11,47.2088474557816,GeneralTF,-0.247702525155502,None,-0.281912846360384
THRA,AL442636.1,47.20306171988058,NeuroDisease,0.458773308524898,None,-0.0681252136741122
PRDX5,PGRMC1,47.18432797233861,GeneralTF,-0.0233259637836549,NeuroDev,-0.0545836608960176
SOD1,SLC22A17,47.09481639999552,HSA21TF,0.416754789446342,None,0.152073491231048
PRDX5,NDUFA11,46.96243612796961,GeneralTF,-0.0233259637836549,NeuroDisease,0.0897291610640213
FEZ1,ARG2,46.95926854323983,NeuroDev,0.0960920844509835,GeneralTF,0.055905968766755
UQCRB,COX8A,46.93573912723905,GeneralTF,-0.247702525155502,None,-0.0230887504664107
UQCRB,RPL35,46.83385721427963,GeneralTF,-0.247702525155502,GeneralTF,-0.293588751982449
JUND,BEX4,46.81951761403807,GeneralTF,-0.268160033811389,None,-0.163776222124847
SOD1,BLVRB,46.622083402157166,HSA21TF,0.416754789446342,None,-0.38621686176367
UQCRB,RPL30,46.61944522933849,GeneralTF,-0.247702525155502,None,-0.264459223983942
PRDX5,ECH1,46.56076928690001,GeneralTF,-0.0233259637836549,None,-0.0780577578762258
FEZ1,ROGDI,46.518112446442736,NeuroDev,0.0960920844509835,NeuroDisease,0.077578140379387
JUND,PPP2CB,46.50656189862558,GeneralTF,-0.268160033811389,None,-0.0413583766516976
PRDX5,NDUFB2,46.50265510680417,GeneralTF,-0.0233259637836549,None,-0.040686038913757
PRDX5,MYL12B,46.50000634699585,GeneralTF,-0.0233259637836549,None,-0.007332596558282
PRDX5,ATP5PF,46.27205739774545,GeneralTF,-0.0233259637836549,HSA21gene,0.524494498820617
PRDX5,MGST3,46.24896259894993,GeneralTF,-0.0233259637836549,None,0.157958433835191
UQCRB,RPS17,46.23990227085883,GeneralTF,-0.247702525155502,None,-0.328334275557852
JUND,UCHL1,46.23734111336813,GeneralTF,-0.268160033811389,NeuroDev,0.226909206260319
PRDX5,PRDX2,46.13264064702529,GeneralTF,-0.0233259637836549,None,-0.0353826895027582
PRDX5,PLD3,46.069806527929714,GeneralTF,-0.0233259637836549,None,0.133696787363797
ETFB,JPT1,46.0514535632969,NeuroDisease,-0.329411366146832,None,-0.108916908575369
UQCRB,HNRNPA1,46.0462453498421,GeneralTF,-0.247702525155502,GeneralTF,-0.105574886856063
FOS,BTG2,46.04166786033095,NeuroDev,-0.68318990633384,NeuroDev,-0.299258102012199
UQCRB,TMEM256,46.03113478257198,GeneralTF,-0.247702525155502,None,-0.233460177964773
CYCS,BASP1-AS1,46.01804219669556,GeneralTF,-0.111269204661935,None,0.363406681794441
ETFB,EEF1A2,45.78838487790493,NeuroDisease,-0.329411366146832,NeuroDisease,0.0367394716052531
SOD1,NUDC,45.70325534326747,HSA21TF,0.416754789446342,None,-0.290654550729443
UQCRB,RPS16,45.649265305626216,GeneralTF,-0.247702525155502,None,-0.222800733794985
NR2F2,NRCAM,45.63445511267175,NeuroDev,-0.647889433663667,NeuroDev,-0.0368303177687693
NR2F2,CSAD,45.60215408846433,NeuroDev,-0.647889433663667,None,0.020159932278957
PRDX5,DYNLL1,45.54806873950994,GeneralTF,-0.0233259637836549,NeuroDev,-0.381329164762482
FEZ1,GDAP1L1,45.49841002759103,NeuroDev,0.0960920844509835,None,0.350719859340897
TCEAL2,BEX5,45.495232256974944,GeneralTF,0.457201020475838,None,0.0118379637730822
PRDX5,TRAPPC1,45.45975554530327,GeneralTF,-0.0233259637836549,None,-0.0607671041807602
SOD1,DAD1,45.39330767638068,HSA21TF,0.416754789446342,None,-0.150983279136973
PRDX5,ELOB,45.39121110981607,GeneralTF,-0.0233259637836549,None,0.0334007118763194
ETFB,TUBB2B,45.3756077842718,NeuroDisease,-0.329411366146832,NeuroDisease,0.0124093413071586
SOD1,CST3,45.3549854243654,HSA21TF,0.416754789446342,None,-0.0694133562665545
UQCRB,MRPL52,45.33656895321253,GeneralTF,-0.247702525155502,None,0.0097627237999147
FEZ1,LY6H,45.28422399627961,NeuroDev,0.0960920844509835,NeuroDev,-0.717193377243007
NR2F2,CREG2,45.162275721130726,NeuroDev,-0.647889433663667,None,-0.873001002033164
FEZ1,SEPTIN3,45.10419296201234,NeuroDev,0.0960920844509835,None,0.13954032395906
NR2F2,AC069277.1,45.08609624153066,NeuroDev,-0.647889433663667,None,0.143270607628491
UQCRB,CCNI,45.06599454587344,GeneralTF,-0.247702525155502,None,0.143020836621589
UQCRB,EPB41L4A-AS1,45.05886013133961,GeneralTF,-0.247702525155502,None,-0.21202548948418
UQCRB,MT-ND1,45.03909889987877,GeneralTF,-0.247702525155502,None,-0.376456896350141
BCL11A,SHB,44.96038640039995,NeuroDisease,0.154021580634573,None,0.475562363425777
UQCRB,RPL19,44.905371216229234,GeneralTF,-0.247702525155502,None,-0.215113813044291
NR2F2,IGDCC3,44.84737156248868,NeuroDev,-0.647889433663667,None,-0.148694912654433
PRDX5,BSCL2,44.797203297790176,GeneralTF,-0.0233259637836549,NeuroDisease,-0.103353124458973
SIM1,KCTD1,44.78972962502466,NeuroDisease,Not Known,None,0.227800331610762
PRDX5,MT-ND4,44.75459644835525,GeneralTF,-0.0233259637836549,NeuroDev,0.0822279944618605
JUND,DTNA,44.73644831777249,GeneralTF,-0.268160033811389,None,-0.38885212345684
PRDX5,COX6A1,44.63649289723271,GeneralTF,-0.0233259637836549,None,0.165427568763019
FEZ1,BEX1,44.52726258749916,NeuroDev,0.0960920844509835,NeuroDev,0.0274218192530869
UQCRB,RPL29,44.50917975767381,GeneralTF,-0.247702525155502,None,-0.563561215543368
SIM2,SIM1,44.50458348809454,HSA21TF,Not Known,NeuroDisease,Not Known
BCL11A,DSCAML1,44.49967607258479,NeuroDisease,0.154021580634573,NeuroDev,0.281925918034762
UQCRB,COX17,44.4337210209251,GeneralTF,-0.247702525155502,None,-0.112557562833825
DPF1,VAMP2,44.40724750855746,NeuroDev,0.14492202811775,NeuroDisease,0.19135027878257
FEZ1,PPP1R7,44.34779145874145,NeuroDev,0.0960920844509835,None,0.0146754083923863
PRDX5,UBL5,44.26457316516861,GeneralTF,-0.0233259637836549,None,-0.0561097663815861
UQCRB,RPS7,44.199240424479136,GeneralTF,-0.247702525155502,NeuroDev,-0.425145133475453
CYCS,UCHL1,44.16602531214142,GeneralTF,-0.111269204661935,NeuroDev,0.226909206260319
SOD1,ASAH1,44.164691128030114,HSA21TF,0.416754789446342,NeuroDisease,0.100038629504445
SOD1,SERF2,44.16305610398258,HSA21TF,0.416754789446342,None,-0.166570180145773
PRDX5,NDUFB7,44.04273448919685,GeneralTF,-0.0233259637836549,None,-0.0223734776147389
PRDX5,MT-ND1,43.9395747748106,GeneralTF,-0.0233259637836549,None,-0.376456896350141
PRDX5,MT-ATP6,43.869096447059576,GeneralTF,-0.0233259637836549,None,0.0131348867160516
UQCRB,FAU,43.857388614059886,GeneralTF,-0.247702525155502,None,-0.0939000592314151
SOD1,COPRS,43.8453334585453,HSA21TF,0.416754789446342,None,-0.156768311872343
SIM1,SIM2,43.81916536171399,NeuroDisease,Not Known,HSA21TF,Not Known
UQCRB,ATP5MPL,43.749586450843054,GeneralTF,-0.247702525155502,None,0.044002458027481
JUND,BBC3,43.69955092976289,GeneralTF,-0.268160033811389,None,-0.179484845178623
JUND,KLF6,43.69374711843965,GeneralTF,-0.268160033811389,GeneralTF,0.0516929155056826
UQCRB,RPS13,43.69334016159968,GeneralTF,-0.247702525155502,None,-0.207429086026968
JUND,BEX2,43.666468643769285,GeneralTF,-0.268160033811389,None,-0.0405635731014052
CYCS,CEND1,43.63900617968464,GeneralTF,-0.111269204661935,NeuroDev,-0.0193576417343563
ADARB1,NRG3,43.62377529962044,HSA21TF,0.686518406640663,NeuroDev,0.606100346764648
ADARB1,USP9Y,43.60680427485665,HSA21TF,0.686518406640663,None,0.822739130178422
UQCRB,SNHG29,43.533827169518,GeneralTF,-0.247702525155502,None,-0.186636329244725
ETFB,NSG2,43.51083347751419,NeuroDisease,-0.329411366146832,None,0.379998504500082
FEZ1,CEND1,43.505092626411454,NeuroDev,0.0960920844509835,NeuroDev,-0.0193576417343563
JUND,FOSB,43.44980950285016,GeneralTF,-0.268160033811389,GeneralTF,-1.13142628877433
FEZ1,GNAO1,43.347706476912926,NeuroDev,0.0960920844509835,NeuroDisease,0.358822436030648
FEZ1,CDK5R1,43.26498890957696,NeuroDev,0.0960920844509835,NeuroDev,0.28821485734209
PRDX5,NEDD8,43.25264972341024,GeneralTF,-0.0233259637836549,None,-0.0863542534826442
FEZ1,TMEM35A,43.24778472312168,NeuroDev,0.0960920844509835,None,0.698709312078226
SOD1,DKK3,43.2421097254584,HSA21TF,0.416754789446342,None,-0.297236791598325
DPF1,EEF1A2,43.24161204394966,NeuroDev,0.14492202811775,NeuroDisease,0.0367394716052531
PRDX5,FIBP,43.23213779484042,GeneralTF,-0.0233259637836549,NeuroDisease,-0.0444103900039795
ARG2,UCHL1,43.169128208975245,GeneralTF,0.055905968766755,NeuroDev,0.226909206260319
FEZ1,CELF3,43.16095617685244,NeuroDev,0.0960920844509835,None,0.320226751925042
SOD1,DBI,43.13913350741339,HSA21TF,0.416754789446342,None,0.089679181169998
JUN,FOXO3,43.11134810838753,NeuroDev,-0.286281020169732,GeneralTF,-0.0237688365126337
FEZ1,NDFIP1,43.03096702029499,NeuroDev,0.0960920844509835,None,0.210010416754322
JUND,CYCS,42.975688335895896,GeneralTF,-0.268160033811389,GeneralTF,-0.111269204661935
FEZ1,AP1S2,42.89544774136872,NeuroDev,0.0960920844509835,NeuroDisease,0.327237960956007
FEZ1,HSPA8,42.85183107872364,NeuroDev,0.0960920844509835,None,-0.108381158483499
UQCRB,C4orf48,42.846443270564215,GeneralTF,-0.247702525155502,None,0.159278302477901
UQCRB,RPL13A,42.7700542197909,GeneralTF,-0.247702525155502,None,-0.293463212661474
PRDX5,MTCH1,42.76032308946078,GeneralTF,-0.0233259637836549,NeuroDev,-0.31263719348801
PRDX5,NDUFS7,42.71409082171936,GeneralTF,-0.0233259637836549,NeuroDisease,0.205649423757248
BCL11A,HS3ST4,42.70891467759802,NeuroDisease,0.154021580634573,None,1.26131306736726
UQCRB,RPL21,42.66331204282241,GeneralTF,-0.247702525155502,None,-0.202490990833525
UQCRB,EEF1G,42.63763011797443,GeneralTF,-0.247702525155502,None,-0.32599130213433
FEZ1,RTN3,42.59293987239471,NeuroDev,0.0960920844509835,NeuroDev,0.252602423977562
SOD1,UBL5,42.590626540394375,HSA21TF,0.416754789446342,None,-0.0561097663815861
UQCRB,TMSB10,42.574752828147865,GeneralTF,-0.247702525155502,None,0.122051170476654
PRDX5,COPE,42.57274945277454,GeneralTF,-0.0233259637836549,None,-0.0099781323594431
UQCRB,MYL6,42.544473926764965,GeneralTF,-0.247702525155502,None,0.0638633627826933
PRDX5,TMEM208,42.542961743175866,GeneralTF,-0.0233259637836549,None,-0.0570191823882202
PRDX5,MT-CYB,42.438995659412896,GeneralTF,-0.0233259637836549,None,0.0314039351976702
FEZ1,GAP43,42.42258634749281,NeuroDev,0.0960920844509835,NeuroDev,0.253927505257908
FEZ1,NUDT11,42.4206504987484,NeuroDev,0.0960920844509835,None,0.0352586234597327
UQCRB,RNASEK,42.419828375607445,GeneralTF,-0.247702525155502,None,-0.190532237186398
JUN,TCEAL7,42.37793921356469,NeuroDev,-0.286281020169732,None,-0.240724260250069
FEZ1,BCL11A,42.37431395004796,NeuroDev,0.0960920844509835,NeuroDisease,0.154021580634573
PRDX5,BAD,42.31720679858456,GeneralTF,-0.0233259637836549,NeuroDev,-0.147399155217892
JUND,C12orf76,42.30129494272106,GeneralTF,-0.268160033811389,None,-0.250569622973966
PRDX5,CIAO2B,42.3010179010967,GeneralTF,-0.0233259637836549,None,-0.126616857302068
ARG2,SLITRK3,42.26589658352732,GeneralTF,0.055905968766755,NeuroDev,0.450215280457406
PRDX5,TIMM17B,42.17108400961992,GeneralTF,-0.0233259637836549,None,-0.151001153516245
FEZ1,USP11,42.1544620828496,NeuroDev,0.0960920844509835,None,-0.238994433087509
NR2F2,KHDRBS3,42.1295300286304,NeuroDev,-0.647889433663667,None,-1.88974561514254
SOD1,CHCHD10,42.116454777275486,HSA21TF,0.416754789446342,None,0.0359666766092761
PRDX5,SARAF,42.09111672560861,GeneralTF,-0.0233259637836549,None,-0.0759106009639517
PRDX5,TXN,42.07676227884775,GeneralTF,-0.0233259637836549,None,-0.247513614466325
FEZ1,YWHAQ,42.04184923852243,NeuroDev,0.0960920844509835,NeuroDev,0.0655397565595217
SOD1,TMEM35B,42.02634523693184,HSA21TF,0.416754789446342,None,Not Known
UQCRB,EIF1B,42.005841607341125,GeneralTF,-0.247702525155502,None,-0.20506920288512
PRDX5,C9orf116,41.98497814109823,GeneralTF,-0.0233259637836549,None,-0.636984451263647
UQCRB,RPL7A,41.960391928412186,GeneralTF,-0.247702525155502,None,-0.339649803732795
THRA,ZNHIT6,41.9487605514762,NeuroDisease,0.458773308524898,None,-0.0357272398821291
SOD1,SNU13,41.89354660270244,HSA21TF,0.416754789446342,None,0.246997226644053
FEZ1,HMGCR,41.87789428337026,NeuroDev,0.0960920844509835,None,0.240071112106611
FOS,ZFP36,41.85715158917563,NeuroDev,-0.68318990633384,None,-0.791729950852206
FEZ1,MEIS3,41.80882115537177,NeuroDev,0.0960920844509835,NeuroDev,0.130531705491097
JUND,PPP2R5B,41.78203507918248,GeneralTF,-0.268160033811389,None,-0.0922159653951034
JUN,CASP3,41.75343604093153,NeuroDev,-0.286281020169732,NeuroDev,-0.18938849255586
JUND,MT-ND5,41.6317265936133,GeneralTF,-0.268160033811389,None,-0.63503295390555
PRDX5,MT-CO1,41.60898457809822,GeneralTF,-0.0233259637836549,NeuroDev,0.215524492891654
PRDX5,DYNLRB2,41.59642910906462,GeneralTF,-0.0233259637836549,None,Not Known
FEZ1,FXYD6,41.57761248964363,NeuroDev,0.0960920844509835,None,0.122865169544481
NR2F2,ADGRL3,41.55044780477996,NeuroDev,-0.647889433663667,NeuroDev,0.0771633377599937
PRDX5,MICOS13,41.53960740754223,GeneralTF,-0.0233259637836549,NeuroDisease,-0.281042473046158
PRDX5,ABHD14A,41.52724092076872,GeneralTF,-0.0233259637836549,None,-0.0289390033812843
PRDX5,PAFAH1B3,41.524234497163626,GeneralTF,-0.0233259637836549,NeuroDev,-0.0258014347358282
UQCRB,TXN,41.4466131732679,GeneralTF,-0.247702525155502,None,-0.247513614466325
FEZ1,CXADR,41.34414044079812,NeuroDev,0.0960920844509835,HSA21gene,0.593096662750978
PRDX5,PIFO,41.31126050086381,GeneralTF,-0.0233259637836549,None,Not Known
ETFB,SEZ6L2,41.23265955872756,NeuroDisease,-0.329411366146832,NeuroDev,0.135041388752834
FEZ1,C1QTNF4,41.22550431781234,NeuroDev,0.0960920844509835,None,-0.095976127325196
NR2F2,ATP6V1G2,41.21876759710781,NeuroDev,-0.647889433663667,None,-0.184047134819083
FEZ1,SLC25A4,41.1857965618406,NeuroDev,0.0960920844509835,None,-0.0097449786630196
UQCRB,ATP6V1F,41.16689774849071,GeneralTF,-0.247702525155502,None,-0.0294676648312935
CYCS,MPC1,41.15652028510768,GeneralTF,-0.111269204661935,None,0.0273803367926937
FEZ1,NSG2,41.14747505012093,NeuroDev,0.0960920844509835,None,0.379998504500082
ETFB,CDKN2D,41.11233498516392,NeuroDisease,-0.329411366146832,None,0.0528101749206172
UQCRB,GUK1,41.09986600382357,GeneralTF,-0.247702525155502,None,-0.085075669288043
FEZ1,DPF1,41.089777626001656,NeuroDev,0.0960920844509835,NeuroDev,0.14492202811775
UQCRB,SERF2,41.05650371381888,GeneralTF,-0.247702525155502,None,-0.166570180145773
PRDX5,COX14,41.0120677043061,GeneralTF,-0.0233259637836549,None,-0.213432907892524
PRDX5,SOD1,40.93444563920562,GeneralTF,-0.0233259637836549,HSA21TF,0.416754789446342
FEZ1,SERINC1,40.931601187589926,NeuroDev,0.0960920844509835,None,0.200870848331278
UQCRB,RPL36,40.91247395474515,GeneralTF,-0.247702525155502,None,-0.281947058344422
JUN,TIMP3,40.90069087957371,NeuroDev,-0.286281020169732,None,-0.0366528826920629
PRDX5,NDUFS8,40.80165962008432,GeneralTF,-0.0233259637836549,NeuroDisease,0.0009010188189819
SOD1,CLU,40.79394728259087,HSA21TF,0.416754789446342,NeuroDev,-0.279460050104706
SOD1,MICOS13,40.75625638381459,HSA21TF,0.416754789446342,NeuroDisease,-0.281042473046158
PRDX5,NDUFA12,40.71723388758978,GeneralTF,-0.0233259637836549,None,-0.10758026937542
FEZ1,NDUFA5,40.69416475374453,NeuroDev,0.0960920844509835,None,-0.142707758295218
NR2F2,SORBS2,40.62765114581464,NeuroDev,-0.647889433663667,None,-0.0580594359823341
UQCRB,MRPL33,40.617496647137415,GeneralTF,-0.247702525155502,None,-0.0218827505569069
PRDX5,UQCR10,40.58662152554835,GeneralTF,-0.0233259637836549,None,-0.181045844966506
UQCRB,PHPT1,40.54552445762023,GeneralTF,-0.247702525155502,None,-0.156032906894211
FEZ1,DSTN,40.49269675023788,NeuroDev,0.0960920844509835,None,0.0112909649513698
UQCRB,RPL32,40.48025827453559,GeneralTF,-0.247702525155502,None,-0.207010795367024
BCL11A,PPM1L,40.45143955192131,NeuroDisease,0.154021580634573,None,0.150128664509519
PRDX5,COX4I1,40.43785143792814,GeneralTF,-0.0233259637836549,None,-0.098527858277615
BCL11A,NSG2,40.436562167334735,NeuroDisease,0.154021580634573,None,0.379998504500082
SOD1,PIFO,40.37976255773073,HSA21TF,0.416754789446342,None,Not Known
FEZ1,LINC02488,40.32259675828749,NeuroDev,0.0960920844509835,None,-0.353587065159924
PRDX5,BEX4,40.24084112387217,GeneralTF,-0.0233259637836549,None,-0.163776222124847
FEZ1,PKIA,40.225826874506296,NeuroDev,0.0960920844509835,None,0.0763022758956413
PRDX5,DCTN3,40.217724285928526,GeneralTF,-0.0233259637836549,None,-0.0456304264467276
PRDX5,POLR2I,40.15911663456703,GeneralTF,-0.0233259637836549,None,-0.041319490978514
PRDX5,FAM229B,40.13657637337407,GeneralTF,-0.0233259637836549,None,0.0188703259938299
UQCRB,ATP6AP2,40.13274279068977,GeneralTF,-0.247702525155502,NeuroDisease,0.0624545255299143
FEZ1,PODXL2,40.11611259372005,NeuroDev,0.0960920844509835,None,0.337987534380507
SOD1,TMBIM6,40.09118324208427,HSA21TF,0.416754789446342,None,-0.13615695981237
DPF1,CDKN2D,40.07710084467638,NeuroDev,0.14492202811775,None,0.0528101749206172
FEZ1,PRDX5,40.07682257769744,NeuroDev,0.0960920844509835,GeneralTF,-0.0233259637836549
FEZ1,VPS28,40.04940816706901,NeuroDev,0.0960920844509835,None,-0.0411522152676729
ETFB,VAMP2,40.03459847399667,NeuroDisease,-0.329411366146832,NeuroDisease,0.19135027878257
PRDX5,OCIAD2,40.01432174250391,GeneralTF,-0.0233259637836549,None,-0.206779359188155
UQCRB,TBCA,40.01343146100324,GeneralTF,-0.247702525155502,None,-0.127020287237941
SOD1,SLC25A39,40.00713254478941,HSA21TF,0.416754789446342,None,-0.334893193045158
TCEAL2,GPR27,39.92928113693787,GeneralTF,0.457201020475838,None,0.0636368064123096
SOD1,CETN2,39.87906444344496,HSA21TF,0.416754789446342,None,-0.0253295521752566
SOD1,PCBD1,39.8418866472789,HSA21TF,0.416754789446342,NeuroDisease,-0.0289929625690734
UQCRB,ATP5MF,39.8235875018248,GeneralTF,-0.247702525155502,None,0.0150379242734405
SOD1,APRT,39.79861310822735,HSA21TF,0.416754789446342,None,-0.515841464582365
PRDX5,ATP5F1E,39.76731293081285,GeneralTF,-0.0233259637836549,None,-0.0907285015198605
PRDX5,RSPH1,39.72337576774714,GeneralTF,-0.0233259637836549,HSA21gene,Not Known
FEZ1,PLEKHO1,39.72258738004564,NeuroDev,0.0960920844509835,None,0.223457259359346
UQCRB,ATP5PF,39.71849678504828,GeneralTF,-0.247702525155502,HSA21gene,0.524494498820617
FEZ1,PPA1,39.69305152189927,NeuroDev,0.0960920844509835,None,-0.116952128530959
PRDX5,ARPC3,39.674961730071885,GeneralTF,-0.0233259637836549,None,0.0334392973172008
UQCRB,RPS12,39.64596781113071,GeneralTF,-0.247702525155502,None,-0.261918281371023
PRDX5,NPDC1,39.63497578205997,GeneralTF,-0.0233259637836549,GeneralTF,-0.0162306435424634
CYCS,ATP6V0B,39.625448829696126,GeneralTF,-0.111269204661935,None,-0.0480346961997
CYCS,ATP6V0C,39.62449270447233,GeneralTF,-0.111269204661935,None,0.0722208592573517
SOD1,LRPAP1,39.61992766909674,HSA21TF,0.416754789446342,None,-0.173045552912167
JUND,OAZ1,39.531985556278165,GeneralTF,-0.268160033811389,None,-0.357326014645239
PRDX5,C9orf16,39.51888153542694,GeneralTF,-0.0233259637836549,None,0.132312811122803
PRDX5,TUBB3,39.50338440069238,GeneralTF,-0.0233259637836549,NeuroDisease,0.0905833662734368
FEZ1,ATP6V0E2,39.47859487890486,NeuroDev,0.0960920844509835,None,-0.0534667471306859
SOD1,NPC2,39.34189650189348,HSA21TF,0.416754789446342,NeuroDisease,-0.205620497497631
PRDX5,BEX2,39.3375645625244,GeneralTF,-0.0233259637836549,None,-0.0405635731014052
JUND,IRF2BP2,39.32976947714994,GeneralTF,-0.268160033811389,None,0.0807374785321003
PRDX5,ATP5ME,39.28654923510697,GeneralTF,-0.0233259637836549,None,-0.0782657673265083
PRDX5,PPDPF,39.27639391576862,GeneralTF,-0.0233259637836549,None,-0.0001655548187504
FEZ1,SERP2,39.27273392802651,NeuroDev,0.0960920844509835,None,-0.3132963555205
PRDX5,ATP6V0D1,39.27159976964211,GeneralTF,-0.0233259637836549,NeuroDev,0.190445509340998
PRDX5,NDUFV1,39.26555377661928,GeneralTF,-0.0233259637836549,NeuroDisease,0.0386319354803733
PRDX5,TRAPPC5,39.25772467174514,GeneralTF,-0.0233259637836549,None,-0.0833775983089237
FEZ1,FAM89B,39.21365216549273,NeuroDev,0.0960920844509835,None,-0.10113388185842
PRDX5,NDUFA2,39.17270927855411,GeneralTF,-0.0233259637836549,None,-0.0172801816806604
PRDX5,POMP,39.16117885388199,GeneralTF,-0.0233259637836549,None,-0.0932189327784788
UQCRB,SNHG6,39.07718914893062,GeneralTF,-0.247702525155502,None,-0.195897546773843
JUND,SH2D3C,39.07585163909448,GeneralTF,-0.268160033811389,None,-0.295863425840108
FEZ1,TLCD3B,39.07005247326186,NeuroDev,0.0960920844509835,None,-0.0263673708800089
PRDX5,FEZ1,39.00423870159891,GeneralTF,-0.0233259637836549,NeuroDev,0.0960920844509835
ETFB,ENC1,38.99306485868155,NeuroDisease,-0.329411366146832,NeuroDev,0.225630400392791
BCL11A,GUCY1A1,38.97547462133867,NeuroDisease,0.154021580634573,None,0.492169346801194
SOD1,UQCR11,38.91692715524108,HSA21TF,0.416754789446342,None,-0.0312756581961012
PRDX5,DAD1,38.8926948812254,GeneralTF,-0.0233259637836549,None,-0.150983279136973
KLF6,RHOB,38.870488724485725,GeneralTF,0.0516929155056826,None,0.138756351226377
PRDX5,CIRBP,38.84677070440581,GeneralTF,-0.0233259637836549,None,0.0552991506876325
PRDX5,STMN1,38.83882353391463,GeneralTF,-0.0233259637836549,NeuroDev,0.303686427539572
UQCRB,RPL27,38.83780401370352,GeneralTF,-0.247702525155502,None,-0.210752125357129
ETFB,BLCAP,38.82552471281809,NeuroDisease,-0.329411366146832,None,0.0552646722755183
SOD1,ROMO1,38.816017596912936,HSA21TF,0.416754789446342,None,0.0624043833853199
SOD1,ATP5PF,38.75413655871504,HSA21TF,0.416754789446342,HSA21gene,0.524494498820617
UQCRB,TIMM8B,38.73000184652384,GeneralTF,-0.247702525155502,None,-0.189413460631714
UQCRB,NDUFB3,38.68743821061113,GeneralTF,-0.247702525155502,None,-0.182768182346665
FEZ1,HSDL1,38.68393338350266,NeuroDev,0.0960920844509835,None,0.228363871483498
ETFB,NR2F2,38.65019183569186,NeuroDisease,-0.329411366146832,NeuroDev,-0.647889433663667
PRDX5,HSBP1,38.62641369830597,GeneralTF,-0.0233259637836549,None,-0.0270585245645785
PRDX5,PSMA7,38.6172435450503,GeneralTF,-0.0233259637836549,None,-0.1810894007653
JUND,MORF4L2,38.580672612138656,GeneralTF,-0.268160033811389,None,-0.129945524804578
DPF1,RAB3A,38.567669107277815,NeuroDev,0.14492202811775,NeuroDev,0.0433776674542423
UQCRB,TMEM258,38.55503885521208,GeneralTF,-0.247702525155502,None,-0.271043355401447
PRDX5,MAGED2,38.51051935937716,GeneralTF,-0.0233259637836549,None,0.0732165195693497
UQCRB,RPS19,38.50895272430322,GeneralTF,-0.247702525155502,None,-0.23698175098722
FEZ1,IDI1,38.50742982093887,NeuroDev,0.0960920844509835,None,0.126962899614863
JUND,H3F3B,38.50062741730209,GeneralTF,-0.268160033811389,None,0.0066616241267491
SOD1,ISYNA1,38.49443197358349,HSA21TF,0.416754789446342,None,-0.346760585536371
SOD1,LAGE3,38.45427314990962,HSA21TF,0.416754789446342,NeuroDisease,-0.185691879311157
SOD1,ZNF667-AS1,38.37160735415981,HSA21TF,0.416754789446342,None,1.28905517623588
SOD1,MT-CYB,38.36817082495874,HSA21TF,0.416754789446342,None,0.0314039351976702
JUND,GNG3,38.34820140171329,GeneralTF,-0.268160033811389,None,0.245056860742582
PRDX5,NGRN,38.348100978559785,GeneralTF,-0.0233259637836549,NeuroDev,0.435946364219117
SOD1,TRMT112,38.32034216033861,HSA21TF,0.416754789446342,None,-0.127353615015273
SOD1,MT-ATP6,38.274293094476185,HSA21TF,0.416754789446342,None,0.0131348867160516
UQCRB,ATP6V1G1,38.260193604261104,GeneralTF,-0.247702525155502,None,-0.168515346287832
PRDX5,PEBP1,38.23488587094828,GeneralTF,-0.0233259637836549,None,0.0019271623935933
UQCRB,POLR2I,38.190222284410325,GeneralTF,-0.247702525155502,None,-0.041319490978514
JUND,SHISA5,38.18506229687024,GeneralTF,-0.268160033811389,None,-0.0961057667751752
FEZ1,ATAT1,38.170533380254575,NeuroDev,0.0960920844509835,NeuroDev,0.206221275032403
UQCRB,MGST3,38.15891293181071,GeneralTF,-0.247702525155502,None,0.157958433835191
UQCRB,RPS15A,38.09897100449061,GeneralTF,-0.247702525155502,None,-0.279176998869005
THRA,RTN1,38.05859486152074,NeuroDisease,0.458773308524898,NeuroDev,0.592684927837128
ETFB,INSL6,38.041716436324265,NeuroDisease,-0.329411366146832,None,Not Known
FEZ1,PJA1,38.04151821070658,NeuroDev,0.0960920844509835,None,-0.0650744529153427
TCEAL2,SV2A,37.9965639812848,GeneralTF,0.457201020475838,None,0.699791759439853
DPF1,RTN1,37.95197268012631,NeuroDev,0.14492202811775,NeuroDev,0.592684927837128
PRDX5,C18orf32,37.9512420807212,GeneralTF,-0.0233259637836549,None,-0.130858953701505
PRDX5,ATP6AP2,37.944610634957016,GeneralTF,-0.0233259637836549,NeuroDisease,0.0624545255299143
FEZ1,IDH1,37.93667550821476,NeuroDev,0.0960920844509835,None,0.140372632209638
FOS,CDO1,37.920405632901335,NeuroDev,-0.68318990633384,None,0.152139626916396
PRDX5,AP2M1,37.91859464504324,GeneralTF,-0.0233259637836549,NeuroDisease,0.0328399519768876
PRDX5,ARPC2,37.90985541053734,GeneralTF,-0.0233259637836549,None,-0.0435853094467124
PRDX5,RNF187,37.8862672510015,GeneralTF,-0.0233259637836549,None,0.0967176505642729
UQCRB,EEF2,37.88467255642011,GeneralTF,-0.247702525155502,None,-0.10628760650744
PRDX5,TCTEX1D2,37.86905250667134,GeneralTF,-0.0233259637836549,None,0.0279314643877999
PRDX5,NDUFB10,37.812796328854944,GeneralTF,-0.0233259637836549,None,-0.121527513030233
JUN,BSCL2,37.80803497405782,NeuroDev,-0.286281020169732,NeuroDisease,-0.103353124458973
PRDX5,EIF3K,37.80343354240619,GeneralTF,-0.0233259637836549,None,-0.153100142289016
TFF3,FN1,37.7879765047152,HSA21TF,Not Known,NeuroDev,-0.232192981087976
BCL11A,AC004158.1,37.780320394464894,NeuroDisease,0.154021580634573,None,0.703814631433748
SOD1,GGH,37.70801880670072,HSA21TF,0.416754789446342,None,0.020405030475408
FEZ1,KBTBD6,37.669176689530566,NeuroDev,0.0960920844509835,None,0.147276942156941
FEZ1,NPDC1,37.66189998302709,NeuroDev,0.0960920844509835,GeneralTF,-0.0162306435424634
BCL11A,ZNF804A,37.636217324863,NeuroDisease,0.154021580634573,None,0.397099604769949
BCL11A,GDAP1,37.598685381202586,NeuroDisease,0.154021580634573,None,0.298694154611371
FEZ1,NREP,37.54071365039738,NeuroDev,0.0960920844509835,NeuroDev,0.262402447049614
FEZ1,SCG5,37.538969001820846,NeuroDev,0.0960920844509835,None,0.0920538475769055
FEZ1,AP2S1,37.53653199791943,NeuroDev,0.0960920844509835,NeuroDisease,0.0480094572000557
UQCRB,RPL22,37.52805710114569,GeneralTF,-0.247702525155502,None,-0.229357153733498
UQCRB,RPL10,37.47962129712508,GeneralTF,-0.247702525155502,NeuroDisease,-0.254980727207922
BCL11A,SST,37.476820159954976,NeuroDisease,0.154021580634573,None,1.32324918533418
FEZ1,EIF4G2,37.474811116931456,NeuroDev,0.0960920844509835,None,0.141392822602141
FOSB,CCDC157,37.43413258069698,GeneralTF,-1.13142628877433,None,-0.0578620585462603
NR2F2,ETFB,37.41418527736959,NeuroDev,-0.647889433663667,NeuroDisease,-0.329411366146832
FEZ1,PNMA1,37.38995161191361,NeuroDev,0.0960920844509835,None,0.0251395886880911
FEZ1,COX6A1,37.357017065837184,NeuroDev,0.0960920844509835,None,0.165427568763019
SOD1,HSPE1,37.33450830356668,HSA21TF,0.416754789446342,None,-0.20237781880888
UQCRB,RPS9,37.26771304160589,GeneralTF,-0.247702525155502,None,-0.291224003175536
FEZ1,TBCB,37.20763649756816,NeuroDev,0.0960920844509835,NeuroDev,-0.0120974699331739
FEZ1,PLPPR2,37.16753832558744,NeuroDev,0.0960920844509835,None,0.166841605576651
SIM1,AC090531.1,37.119333927096605,NeuroDisease,Not Known,None,0.463993975534225
PRDX5,ATP5PO,37.11857998543352,GeneralTF,-0.0233259637836549,HSA21gene,0.565700325515906
PRDX5,MPG,37.058215212111726,GeneralTF,-0.0233259637836549,None,-0.295313309980621
NR2F2,PCSK1N,37.03749091337444,NeuroDev,-0.647889433663667,None,0.117927117444937
PRDX5,MRPL41,37.024198736730405,GeneralTF,-0.0233259637836549,None,-0.216497201415944
SOD1,PSENEN,36.97880192372434,HSA21TF,0.416754789446342,None,-0.1542024357012
FEZ1,WNT7A,36.94196068080071,NeuroDev,0.0960920844509835,NeuroDev,0.242022120026057
UQCRB,CIAO2B,36.91612136701477,GeneralTF,-0.247702525155502,None,-0.126616857302068
THRA,MEGF11,36.91295642364646,NeuroDisease,0.458773308524898,None,-0.450797617178581
NR2F2,RPS4Y1,36.874339513154645,NeuroDev,-0.647889433663667,None,-0.506274221033585
NR2F2,NRN1,36.87236550142013,NeuroDev,-0.647889433663667,NeuroDev,-2.24697230176257
SOD1,MT-CO2,36.84890752427485,HSA21TF,0.416754789446342,None,-0.0554368224465829
UQCRB,RPL12,36.71486199378526,GeneralTF,-0.247702525155502,None,-0.387709338943168
OTP,ITGA9,36.6927663171554,NeuroDev,-1.27847095382798,None,0.143642465546642
ADARB1,OPCML,36.62201650231631,HSA21TF,0.686518406640663,NeuroDev,0.0279545751832552
FOS,MCL1,36.59424100900208,NeuroDev,-0.68318990633384,None,0.132873724622986
JUND,MAPK8IP1,36.573860043869466,GeneralTF,-0.268160033811389,None,-0.0351859666743883
PRDX5,CNIH2,36.55863261854644,GeneralTF,-0.0233259637836549,None,0.147576024008365
JUN,FOS,36.55762666912884,NeuroDev,-0.286281020169732,NeuroDev,-0.68318990633384
SOD1,MDK,36.55079943120635,HSA21TF,0.416754789446342,NeuroDev,-0.0455419451899393
JUND,ARMCX1,36.53302094196417,GeneralTF,-0.268160033811389,None,0.0014437593827417
UQCRB,RPL23,36.51735233621076,GeneralTF,-0.247702525155502,None,-0.190802393297093
SOD1,ARL2,36.50911171210621,HSA21TF,0.416754789446342,None,-0.250070684302892
SOD1,HINT2,36.47855917104677,HSA21TF,0.416754789446342,None,-0.409320173658877
SOD1,ERP29,36.45042905528585,HSA21TF,0.416754789446342,None,-0.182804953709667
SOD1,NDUFC1,36.44997611598431,HSA21TF,0.416754789446342,None,-0.15174503967169
PRDX5,UROS,36.41859938747233,GeneralTF,-0.0233259637836549,None,0.0154217211926546
FOS,PALLD,36.36482600587631,NeuroDev,-0.68318990633384,NeuroDev,-0.139886093764019
ETFB,TCEAL2,36.30547752433352,NeuroDisease,-0.329411366146832,GeneralTF,0.457201020475838
PRDX5,MT-ND3,36.29347118384565,GeneralTF,-0.0233259637836549,None,-0.307297396870316
PRDX5,COX8A,36.29125086092985,GeneralTF,-0.0233259637836549,None,-0.0230887504664107
JUN,KRTAP5-AS1,36.2599319277501,NeuroDev,-0.286281020169732,None,-0.465179852568344
PRDX5,DSTN,36.22161532329888,GeneralTF,-0.0233259637836549,None,0.0112909649513698
FEZ1,OCIAD2,36.21932295417528,NeuroDev,0.0960920844509835,None,-0.206779359188155
SOD1,SRP14,36.20493581134114,HSA21TF,0.416754789446342,None,-0.0087423398345752
SOD1,RPL41,36.1928463789796,HSA21TF,0.416754789446342,None,-0.253935485179601
JUND,MT-ND4L,36.17765271172385,GeneralTF,-0.268160033811389,None,-0.453469608003508
CYCS,MDH1,36.15168034970417,GeneralTF,-0.111269204661935,None,-0.0271924207776615
JUND,GABARAPL1,36.14491924459417,GeneralTF,-0.268160033811389,None,-0.0253573094444142
UQCRB,H3F3A,36.13949805799352,GeneralTF,-0.247702525155502,None,0.0372124514379307
UQCRB,PRDX2,36.11704425081545,GeneralTF,-0.247702525155502,None,-0.0353826895027582
FEZ1,RAB33A,36.10310999684591,NeuroDev,0.0960920844509835,None,1.00800351481546
JUND,MALAT1,36.08654065138855,GeneralTF,-0.268160033811389,None,-0.156235891346454
PRDX5,EDF1,36.06659577671475,GeneralTF,-0.0233259637836549,None,-0.160384904752279
UQCRB,RPS24,36.0461107419199,GeneralTF,-0.247702525155502,None,-0.290536906433532
PRDX5,NDUFA5,36.014708494632096,GeneralTF,-0.0233259637836549,None,-0.142707758295218
PRDX5,KRTCAP2,36.01293593979961,GeneralTF,-0.0233259637836549,None,0.0247216952639131
SOD1,NDUFV3,36.01158533892656,HSA21TF,0.416754789446342,HSA21gene,0.528537457603687
UQCRB,IFI27L2,35.949020973285776,GeneralTF,-0.247702525155502,None,-0.877054208683589
PRDX5,UBE2M,35.944616725192624,GeneralTF,-0.0233259637836549,None,-0.142949245881672
JUND,ATP5MD,35.935384933368326,GeneralTF,-0.268160033811389,None,-0.0390334019932166
FEZ1,STRN4,35.91402834900101,NeuroDev,0.0960920844509835,None,0.0460068754316311
SOD1,NDUFS8,35.78932948867147,HSA21TF,0.416754789446342,NeuroDisease,0.0009010188189819
UQCRB,MT-ND4L,35.7538594021997,GeneralTF,-0.247702525155502,None,-0.453469608003508
PRDX5,TMEM59,35.70219595332064,GeneralTF,-0.0233259637836549,None,-0.154384575735778
JUN,DUSP8,35.69065241466473,NeuroDev,-0.286281020169732,None,-0.0102678457182213
PRDX5,NDUFS5,35.689748812204165,GeneralTF,-0.0233259637836549,None,-0.282924018270913
UQCRB,BEX3,35.66310893283123,GeneralTF,-0.247702525155502,None,0.180283930241239
FEZ1,DTD1,35.66068315815985,NeuroDev,0.0960920844509835,None,-0.0744644183821024
FOS,JUND,35.65774979014006,NeuroDev,-0.68318990633384,GeneralTF,-0.268160033811389
FEZ1,VPS16,35.606554766919764,NeuroDev,0.0960920844509835,NeuroDisease,0.135950784174905
SOD1,COX14,35.60361450020436,HSA21TF,0.416754789446342,None,-0.213432907892524
UQCRB,SKP1,35.58342705205093,GeneralTF,-0.247702525155502,None,-0.0404149992723982
SOD1,MRPL4,35.577394454061555,HSA21TF,0.416754789446342,None,-0.059427866892871
PRDX5,ZNHIT1,35.571087556552655,GeneralTF,-0.0233259637836549,None,-0.195065441485688
PRDX5,C17orf49,35.53486585999873,GeneralTF,-0.0233259637836549,None,-0.0741588539782727
ETFB,ATP6V1G2,35.50489825143524,NeuroDisease,-0.329411366146832,None,-0.184047134819083
SOD1,MORN2,35.5034164433608,HSA21TF,0.416754789446342,None,-0.139740218931394
BCL11A,MAP1B,35.47245829834615,NeuroDisease,0.154021580634573,NeuroDisease,0.0914914032665027
FEZ1,APBB1,35.45485176782232,NeuroDev,0.0960920844509835,NeuroDev,0.111507143327976
UQCRB,ACTG1,35.43945401271106,GeneralTF,-0.247702525155502,NeuroDisease,0.0596204964535155
PRDX5,CFL1,35.40330132360705,GeneralTF,-0.0233259637836549,None,0.145801013047
UQCRB,RPS18,35.39559582097613,GeneralTF,-0.247702525155502,None,-0.244124222638697
PRDX5,OST4,35.39443366228442,GeneralTF,-0.0233259637836549,None,-0.142987826513214
JUND,DDR1,35.37717470094679,GeneralTF,-0.268160033811389,NeuroDev,-0.0433505896705192
JUND,SEC62,35.364438653924104,GeneralTF,-0.268160033811389,None,-0.0468846243328108
SOD1,ISCU,35.27570515838228,HSA21TF,0.416754789446342,None,0.0447067819184787
FEZ1,BLCAP,35.2424838902224,NeuroDev,0.0960920844509835,None,0.0552646722755183
PRDX5,MT-ND2,35.235202173155216,GeneralTF,-0.0233259637836549,None,-0.478448400940699
THRA,GPR27,35.20492203002625,NeuroDisease,0.458773308524898,None,0.0636368064123096
JUND,MT-ND2,35.165379497948514,GeneralTF,-0.268160033811389,None,-0.478448400940699
UQCRB,UBC,35.12235745788545,GeneralTF,-0.247702525155502,None,0.0422559769451366
JUN,DENND5A,35.121583145685854,NeuroDev,-0.286281020169732,NeuroDisease,-0.0515328172207642
FEZ1,MYL6B,35.1014017727659,NeuroDev,0.0960920844509835,None,-0.0404016612907629
JUND,NDRG4,35.04061466188051,GeneralTF,-0.268160033811389,NeuroDev,-0.0868945303653069
JUN,STX12,35.036256457005706,NeuroDev,-0.286281020169732,None,0.092660852865025
DPF1,NSG2,35.0343049892311,NeuroDev,0.14492202811775,None,0.379998504500082
PRDX5,MRPS6,34.990826748275936,GeneralTF,-0.0233259637836549,HSA21gene,0.520785678198831
UQCRB,RPL18,34.966266849204864,GeneralTF,-0.247702525155502,None,-0.313566352794338
SOD1,BSG,34.94795674251077,HSA21TF,0.416754789446342,None,-0.203734476731017
UQCRB,NACA,34.91836618941849,GeneralTF,-0.247702525155502,None,-0.258567199110028
BCL11A,MMP16,34.89006166786019,NeuroDisease,0.154021580634573,None,0.196448543527646
PRDX5,MAP1LC3A,34.886358867953554,GeneralTF,-0.0233259637836549,None,-0.0689152827444533
ETFB,ZCCHC12,34.879702728725924,NeuroDisease,-0.329411366146832,None,0.191293704165159
PRDX5,KRT10,34.87804135990289,GeneralTF,-0.0233259637836549,None,-0.0140258454733116
NR2F2,CUX2,34.82211032801839,NeuroDev,-0.647889433663667,NeuroDisease,0.0390634907840263
JUND,FOS,34.819703009741566,GeneralTF,-0.268160033811389,NeuroDev,-0.68318990633384
CYCS,COX7B,34.81590542089988,GeneralTF,-0.111269204661935,NeuroDev,-0.0228020543829347
FOS,NR4A1,34.81282246765597,NeuroDev,-0.68318990633384,GeneralTF,-0.697569421934382
ETFB,PRDX5,34.81007425166884,NeuroDisease,-0.329411366146832,GeneralTF,-0.0233259637836549
FEZ1,FDFT1,34.707326647008514,NeuroDev,0.0960920844509835,NeuroDisease,0.366514122211497
PRDX5,JPT1,34.617471725569835,GeneralTF,-0.0233259637836549,None,-0.108916908575369
JUND,ARHGDIG,34.607528901662825,GeneralTF,-0.268160033811389,None,-0.239983084925993
JUND,STX12,34.592767123523515,GeneralTF,-0.268160033811389,None,0.092660852865025
FEZ1,SCG3,34.5854034844996,NeuroDev,0.0960920844509835,None,0.280300984519299
FEZ1,BZW2,34.57794024777085,NeuroDev,0.0960920844509835,None,-0.055975031457464
FEZ1,ATP6V1G2,34.57443600407305,NeuroDev,0.0960920844509835,None,-0.184047134819083
FEZ1,MAGED1,34.563512444961255,NeuroDev,0.0960920844509835,None,0.0529621563515336
FEZ1,PNMA2,34.53339089262335,NeuroDev,0.0960920844509835,None,-0.0649300220770538
ETFB,SSBP4,34.51552720739989,NeuroDisease,-0.329411366146832,None,-0.13974573156672
CYCS,PRDX5,34.47730174151963,GeneralTF,-0.111269204661935,GeneralTF,-0.0233259637836549
MEIS3,TUBB3,34.45691222064381,NeuroDev,0.130531705491097,NeuroDisease,0.0905833662734368
FEZ1,NRSN2,34.43278977269419,NeuroDev,0.0960920844509835,NeuroDev,0.135285232979117
BCL11A,CELF2,34.37607149042783,NeuroDisease,0.154021580634573,NeuroDisease,0.0301871722366621
FEZ1,TCEAL4,34.35932102477451,NeuroDev,0.0960920844509835,None,0.0432826700078853
PRDX5,TUBB,34.3566363563179,GeneralTF,-0.0233259637836549,NeuroDisease,0.153849277093267
JUND,CXXC5,34.34319223096536,GeneralTF,-0.268160033811389,None,-0.300249617888926
FEZ1,TSPAN13,34.32847122178774,NeuroDev,0.0960920844509835,None,0.0439064755664565
SOD1,PRDX6,34.32601316685658,HSA21TF,0.416754789446342,None,0.211100284811032
FEZ1,NT5C3B,34.28159765891504,NeuroDev,0.0960920844509835,None,0.145049309279963
UQCRB,ALKBH7,34.26259801260244,GeneralTF,-0.247702525155502,None,-0.16905667682054
PRDX5,ACTB,34.2573912764321,GeneralTF,-0.0233259637836549,NeuroDisease,0.0636154179647542
SOD1,CBR1,34.19086515351489,HSA21TF,0.416754789446342,HSA21gene,0.584903841982308
JUND,ADGRG1,34.184769294393035,GeneralTF,-0.268160033811389,NeuroDisease,0.0227863409516024
FEZ1,ACAT2,34.18329028632188,NeuroDev,0.0960920844509835,None,0.298000182652543
PRDX5,JUND,34.16945655652111,GeneralTF,-0.0233259637836549,GeneralTF,-0.268160033811389
FEZ1,BTBD6,34.14421039539641,NeuroDev,0.0960920844509835,NeuroDev,-0.175723503231529
FEZ1,AK1,34.13888561481251,NeuroDev,0.0960920844509835,NeuroDisease,0.0545384918975609
JUND,PPP1R15A,34.11409032455157,GeneralTF,-0.268160033811389,None,0.0887538057407184
JUND,TRAPPC2B,34.07551312386534,GeneralTF,-0.268160033811389,None,-0.126322554661039
PRDX5,HCFC1R1,34.06141912645853,GeneralTF,-0.0233259637836549,None,-0.0353208617184019
SOD1,ATP5ME,34.06019972039273,HSA21TF,0.416754789446342,None,-0.0782657673265083
FEZ1,COX7A2,34.05147062352593,NeuroDev,0.0960920844509835,None,0.028984144364881
PRDX5,UQCRH,34.01942877622757,GeneralTF,-0.0233259637836549,None,-0.0605825693138737
PRDX5,NUBP2,33.96794787124085,GeneralTF,-0.0233259637836549,None,-0.0128387423637524
UQCRB,SLIRP,33.95867453374325,GeneralTF,-0.247702525155502,None,-0.033459465617531
CYCS,CALM1,33.9530135204524,GeneralTF,-0.111269204661935,NeuroDev,-0.113666685242234
SOD1,ATP6V0C,33.84960742359978,HSA21TF,0.416754789446342,None,0.0722208592573517
FEZ1,TMEM14A,33.84458986173675,NeuroDev,0.0960920844509835,None,-0.0861559113950259
JUND,SCOC,33.816128388038024,GeneralTF,-0.268160033811389,None,-0.218724823106002
SOD1,NDUFB1,33.80375099405946,HSA21TF,0.416754789446342,None,0.0743116610870305
NR2F2,ARID5B,33.801931570931224,NeuroDev,-0.647889433663667,GeneralTF,-0.566025127467162
PRDX5,BLOC1S2,33.793521612283406,GeneralTF,-0.0233259637836549,NeuroDev,0.049553996343176
FEZ1,PEBP1,33.776209456006384,NeuroDev,0.0960920844509835,None,0.0019271623935933
CYCS,VAMP2,33.76243848336168,GeneralTF,-0.111269204661935,NeuroDisease,0.19135027878257
NR2F2,EIF4A2,33.74011136490324,NeuroDev,-0.647889433663667,None,0.0751618242048112
JUND,MT-ND4,33.72268182675324,GeneralTF,-0.268160033811389,NeuroDev,0.0822279944618605
UQCRB,FMC1,33.703400838542194,GeneralTF,-0.247702525155502,None,-0.136138401202097
UQCRB,TCEAL4,33.69819415568664,GeneralTF,-0.247702525155502,None,0.0432826700078853
BCL11A,ADD2,33.6936891158857,NeuroDisease,0.154021580634573,NeuroDev,0.148392700289012
PRDX5,PPP1R1A,33.665338024676785,GeneralTF,-0.0233259637836549,None,-0.295325823948632
ETFB,C1QTNF4,33.63000452098494,NeuroDisease,-0.329411366146832,None,-0.095976127325196
UQCRB,ZNHIT1,33.57106303995153,GeneralTF,-0.247702525155502,None,-0.195065441485688
FEZ1,RTN2,33.56842127962387,NeuroDev,0.0960920844509835,None,0.215362250324448
FEZ1,ACTG1,33.565395295492586,NeuroDev,0.0960920844509835,NeuroDisease,0.0596204964535155
SOD1,SPCS1,33.52084791215932,HSA21TF,0.416754789446342,None,-0.215240770648519
AIRE,AC124254.2,33.46985269219846,HSA21TF,Not Known,None,-1.00288830517747
PRDX5,ENHO,33.43678484519139,GeneralTF,-0.0233259637836549,None,-0.361783848708736
BCL11A,CHD3,33.432672089529326,NeuroDisease,0.154021580634573,NeuroDisease,0.231026930620279
PRDX5,DYNLRB1,33.419450459648054,GeneralTF,-0.0233259637836549,None,0.0054295733371258
FEZ1,TMEM59L,33.41461197859735,NeuroDev,0.0960920844509835,None,-0.0944569286945287
PRDX5,SEZ6L2,33.39731615892456,GeneralTF,-0.0233259637836549,NeuroDev,0.135041388752834
UQCRB,RPL35A,33.378589322138964,GeneralTF,-0.247702525155502,None,-0.238232367503562
FEZ1,ATP1B1,33.35816835092884,NeuroDev,0.0960920844509835,None,0.275054602812441
UQCRB,RNF7,33.3456641639782,GeneralTF,-0.247702525155502,None,-0.274369762273687
SOD1,IFT22,33.342769880854284,HSA21TF,0.416754789446342,None,-0.0196530645846461
PRDX5,BASP1,33.34157393309151,GeneralTF,-0.0233259637836549,NeuroDev,0.131307822794642
NPDC1,TMEM59L,33.29937407740816,GeneralTF,-0.0162306435424634,None,-0.0944569286945287
PRDX5,ATP5MC3,33.28093083404703,GeneralTF,-0.0233259637836549,None,-0.244262189744684
BCL11A,BACH2,33.275451500439274,NeuroDisease,0.154021580634573,GeneralTF,0.248256353695744
PRDX5,GTF2H5,33.17931896121836,GeneralTF,-0.0233259637836549,NeuroDisease,-0.136860954617708
JUND,TMEM59,33.16506771278802,GeneralTF,-0.268160033811389,None,-0.154384575735778
FOS,BCL6,33.15068613779047,NeuroDev,-0.68318990633384,NeuroDev,-0.417426558892887
PRDX5,SKP1,33.135930594644506,GeneralTF,-0.0233259637836549,None,-0.0404149992723982
FEZ1,ATP6V1F,33.13209875573184,NeuroDev,0.0960920844509835,None,-0.0294676648312935
UQCRB,SOD1,33.13112669793669,GeneralTF,-0.247702525155502,HSA21TF,0.416754789446342
SOD1,TMED9,33.093143805798405,HSA21TF,0.416754789446342,None,0.021802214427901
JUND,UBE2B,33.08814018729166,GeneralTF,-0.268160033811389,None,0.0151041405898407
JUND,GABARAPL2,33.07958006616244,GeneralTF,-0.268160033811389,None,-0.0349733014316785
SOD1,SELENOM,33.06965874413651,HSA21TF,0.416754789446342,None,-0.538600817941801
UQCRB,SSR4,33.05497138105824,GeneralTF,-0.247702525155502,None,-0.131072790433761
SOD1,ABHD14A,33.01423201134497,HSA21TF,0.416754789446342,None,-0.0289390033812843
FEZ1,LMO4,33.012682747367315,NeuroDev,0.0960920844509835,NeuroDev,-0.201846073600834
ETFB,SMARCD3,33.01206383725606,NeuroDisease,-0.329411366146832,NeuroDev,0.0759930088314993
FEZ1,AASDHPPT,33.00674990078613,NeuroDev,0.0960920844509835,None,-0.105567847463017
PRDX5,NDUFB8,32.99435612623338,GeneralTF,-0.0233259637836549,NeuroDisease,-0.169334290576642
PRDX5,SELENOH,32.98919097661405,GeneralTF,-0.0233259637836549,None,-0.182432103169047
FEZ1,LINC00667,32.984720071865844,NeuroDev,0.0960920844509835,None,0.0172527579276758
PRDX5,MT-CO3,32.98129404817603,GeneralTF,-0.0233259637836549,None,0.116990522354309
ETFB,ROGDI,32.93284993960719,NeuroDisease,-0.329411366146832,NeuroDisease,0.077578140379387
BCL11A,CDK5R1,32.90297323718683,NeuroDisease,0.154021580634573,NeuroDev,0.28821485734209
FEZ1,DCTN3,32.89545681869664,NeuroDev,0.0960920844509835,None,-0.0456304264467276
FEZ1,FAM49A,32.86389791177032,NeuroDev,0.0960920844509835,None,0.250061302510947
UQCRB,CSTB,32.86090433281312,GeneralTF,-0.247702525155502,HSA21gene,0.409228131112975
UQCRB,NEDD8,32.85894987926508,GeneralTF,-0.247702525155502,None,-0.0863542534826442
NR2F2,LINC01266,32.85270807806265,NeuroDev,-0.647889433663667,None,-0.440352876231488
DPF1,SH3GL3,32.85238135172575,NeuroDev,0.14492202811775,NeuroDev,0.315070252354693
SOD1,ISOC2,32.844708483554044,HSA21TF,0.416754789446342,None,-0.427911487525096
UQCRB,NDUFA2,32.819705596840244,GeneralTF,-0.247702525155502,None,-0.0172801816806604
JUN,DUSP10,32.795142742808935,NeuroDev,-0.286281020169732,NeuroDev,0.341027607427317
JUND,UQCRB,32.77695245544205,GeneralTF,-0.268160033811389,GeneralTF,-0.247702525155502
DPF1,MAPT,32.77407040378634,NeuroDev,0.14492202811775,NeuroDev,0.487794529737028
FEZ1,TUBB4A,32.76097043176531,NeuroDev,0.0960920844509835,NeuroDisease,0.178649213232941
PRDX5,BEX3,32.748486465400056,GeneralTF,-0.0233259637836549,None,0.180283930241239
JUN,RABGAP1L,32.73435396255424,NeuroDev,-0.286281020169732,None,0.435048746758475
PRDX5,FLOT1,32.73031776215581,GeneralTF,-0.0233259637836549,NeuroDev,-0.125967155072261
ARG2,STMN4,32.613912670127824,GeneralTF,0.055905968766755,NeuroDev,0.0394875172033497
THRA,CAMKV,32.60047026349476,NeuroDisease,0.458773308524898,None,0.54972021484141
ETFB,SNRPN,32.57797371738022,NeuroDisease,-0.329411366146832,None,0.118384532605171
PRDX5,CUTA,32.570530706757495,GeneralTF,-0.0233259637836549,None,0.0425788337272636
SOD1,PRDX5,32.488534372387825,HSA21TF,0.416754789446342,GeneralTF,-0.0233259637836549
FEZ1,SCAMP1,32.48850737628259,NeuroDev,0.0960920844509835,None,0.0414406144887346
NR2F2,KLF3-AS1,32.487041492237864,NeuroDev,-0.647889433663667,None,-0.0690054491748963
CYCS,NDUFA5,32.43890706919808,GeneralTF,-0.111269204661935,None,-0.142707758295218
PRDX5,FIS1,32.432824682690544,GeneralTF,-0.0233259637836549,None,-0.156298220358113
UQCRB,SUMO2,32.411204440489726,GeneralTF,-0.247702525155502,None,-0.0769738458976096
PRDX5,GHITM,32.39032449858127,GeneralTF,-0.0233259637836549,None,-0.0779669430447753
FEZ1,NDUFA12,32.36468117738051,NeuroDev,0.0960920844509835,None,-0.10758026937542
FEZ1,TIPRL,32.35355230862226,NeuroDev,0.0960920844509835,None,0.247798746328239
SOD1,PPIL6,32.33436054422782,HSA21TF,0.416754789446342,None,-0.318195143051456
UQCRB,SLC25A6,32.314200448931764,GeneralTF,-0.247702525155502,None,-0.11782325051332
SOD1,UROS,32.287179182629856,HSA21TF,0.416754789446342,None,0.0154217211926546
SOD1,MT-ND5,32.277396466694135,HSA21TF,0.416754789446342,None,-0.63503295390555
JUND,DYNLT1,32.24560861456768,GeneralTF,-0.268160033811389,NeuroDev,-0.125562471486208
PRDX5,CTXN1,32.22502807932064,GeneralTF,-0.0233259637836549,None,0.0573056070451074
PRDX5,ATP6V0E2,32.19629234421967,GeneralTF,-0.0233259637836549,None,-0.0534667471306859
SOD1,DNAH12,32.187947123074565,HSA21TF,0.416754789446342,None,-0.665991664205591
ETFB,LRRC26,32.152715851887514,NeuroDisease,-0.329411366146832,None,-0.157628454654946
JUN,XKR4,32.124451897938194,NeuroDev,-0.286281020169732,None,0.241891268388134
SOD1,B4GAT1,32.115795089320216,HSA21TF,0.416754789446342,NeuroDev,-0.0576633838376805
PRDX5,SDR39U1,32.088070629910085,GeneralTF,-0.0233259637836549,None,-0.188010988916326
PRDX5,TMEM205,32.08766545702529,GeneralTF,-0.0233259637836549,None,-0.244980281385858
THRA,TEF,32.08025166846266,NeuroDisease,0.458773308524898,GeneralTF,Not Known
NR2F2,AC011346.1,32.07876457045925,NeuroDev,-0.647889433663667,None,-0.182494988166156
JUND,NR2F6,32.06685845829868,GeneralTF,-0.268160033811389,NeuroDev,-0.275176702161292
ETFB,MAPRE3,32.061492783536835,NeuroDisease,-0.329411366146832,None,0.147619978934091
PRDX5,NDUFA8,32.04658036724518,GeneralTF,-0.0233259637836549,None,0.0325826558324821
PRDX5,TBCB,32.018753666031,GeneralTF,-0.0233259637836549,NeuroDev,-0.0120974699331739
